Date,United States,Japan,Germany,United Kingdom,France,South Korea,Italy,Canada,Australia,Spain,Mexico,Netherlands,New Zealand,Sweden,Norway,Poland,Austria,Belgium,Denmark,Finland,Ireland,Switzerland,Chile,Colombia,Turkey,Israel,India,Brazil,Indonesia,Singapore,Thailand,Philippines,Hong Kong SAR,South Africa,Argentina,Saudi Arabia
1947 Q1,2124095.4,,,,,,,,,,,,,,,,,,,,,,,,,,,,,,,,,,,
1947 Q2,2118461.8,,,,,,,,,,,,,,,,,,,,,,,,,,,,,,,,,,,
1947 Q3,2114121.5,,,,,,,,,,,,,,,,,,,,,,,,,,,,,,,,,,,
1947 Q4,2147228.3,,,,,,,,,,,,,,,,,,,,,,,,,,,,,,,,,,,
1948 Q1,2179566.4,,,,,,,,,,,,,,,,,,,,,,,,,,,,,,,,,,,
1948 Q2,2215581.1,,,,,,,,,,,,,,,,,,,,,,,,,,,,,,,,,,,
1948 Q3,2228310.0,,,,,,,,,,,,,,,,,,,,,,,,,,,,,,,,,,,
1948 Q4,2230834.4,,,,,,,,,,,,,,,,,,,,,,,,,,,,,,,,,,,
1949 Q1,2200124.4,,,,,,,,,,,,,,,,,,,,,,,,,,,,,,,,,,,
1949 Q2,2192651.5,,,,,,,,,,,,,,,,,,,,,,,,,,,,,,,,,,,
1949 Q3,2215322.2,,,,,,,,,,,,,,,,,,,,,,,,,,,,,,,,,,,
1949 Q4,2196762.1,,,,,,,,,,,,,,,,,,,,,,,,,,,,,,,,,,,
1950 Q1,2283131.9,,,,,,,,,,,,,,,,,,,,,,,,,,,,,,,,,,,
1950 Q2,2352788.7,,,,,,,,,,,,,,,,,,,,,,,,,,,,,,,,,,,
1950 Q3,2443725.5,,,,,,,,,,,,,,,,,,,,,,,,,,,,,,,,,,,
1950 Q4,2490521.8,,,,,,,,,,,,,,,,,,,,,,,,,,,,,,,,,,,
1951 Q1,2524342.0,,,,,,,,,,,,,,,,,,,,,,,,,,,,,,,,,,,
1951 Q2,2568067.0,,,,,,,,,,,,,,,,,,,,,,,,,,,,,,,,,,,
1951 Q3,2620968.9,,,,,,,,,,,,,,,,,,,,,,,,,,,,,,,,,,,
1951 Q4,2626707.6,,,,,,,,,,,,,,,,,,,,,,,,,,,,,,,,,,,
1952 Q1,2654732.6,,,,,,,,,,,,,,,,,,,,,,,,,,,,,,,,,,,
1952 Q2,2660421.7,,,,,,,,,,,,,,,,,,,,,,,,,,,,,,,,,,,
1952 Q3,2679609.5,,,,,,,,,,,,,,,,,,,,,,,,,,,,,,,,,,,
1952 Q4,2767606.4,,,,,,,,,,,,,,,,,,,,,,,,,,,,,,,,,,,
1953 Q1,2819057.3,,,,,,,,,,,,,,,,,,,,,,,,,,,,,,,,,,,
1953 Q2,2840851.2,,,,,,,,,,,,,,,,,,,,,,,,,,,,,,,,,,,
1953 Q3,2824871.0,,,,,,,,,,,,,,,,,,,,,,,,,,,,,,,,,,,
1953 Q4,2782110.4,,,,,,,,,,,,,,,,,,,,,,,,,,,,,,,,,,,
1954 Q1,2768823.8,,,,,,,,,,,,,,,,,,,,,,,,,,,,,,,,,,,
1954 Q2,2771853.3,,,,,,,,,,,,,,,,,,,,,,,,,,,,,,,,,,,
1954 Q3,2803166.6,,,,,,,,,,,,,,,,,,,,,,,,,,,,,,,,,,,
1954 Q4,2858023.6,,,,,,,,,,,,,,,,,,,,,,,,,,,,,,,,,,,
1955 Q1,2939665.8,,,450524.3,,,,,,,,,,,,,,,,,,,,,,,,,,,,,,,,
1955 Q2,2987510.2,,,450590.9,,,,,,,,,,,,,,,,,,,,,,,,,,,,,,,,
1955 Q3,3027866.1,,,459616.5,,,,,,,,,,,,,,,,,,,,,,,,,,,,,,,,
1955 Q4,3046053.5,,,457111.2,,,,,,,,,,,,,,,,,,,,,,,,,,,,,,,,
1956 Q1,3034233.5,,,462121.7,,,,,,,,,,,,,,,,,,,,,,,,,,,,,,,,
1956 Q2,3059313.7,,,461640.6,,,,,,,,,,,,,,,,,,,,,,,,,,,,,,,,
1956 Q3,3056569.4,,,461059.6,,,,,,,,,,,,,,,,,,,,,,,,,,,,,,,,
1956 Q4,3106877.8,,,463779.5,,,,,,,,,,,,,,,,,,,,,,,,,,,,,,,,
1957 Q1,3126770.2,,,472497.9,,,,,,,,,,,,,,,,,,,,,,,,,,,,,,,,
1957 Q2,3119918.2,,,472346.2,,,,,,,,,,,,,,,,,,,,,,,,,,,,,,,,
1957 Q3,3150490.9,,,469396.9,,,,,,,,,,,,,,,,,,,,,,,,,,,,,,,,
1957 Q4,3117897.9,,,470714.2,,,,,,,,,,,,,,,,,,,,,,,,,,,,,,,,
1958 Q1,3036960.3,,,481127.4,,,,,,,,,,,,,,,,,,,,,,,,,,,,,,,,
1958 Q2,3056910.0,,,469037.9,,,,,,,,,,,,,,,,,,,,,,,,,,,,,,,,
1958 Q3,3127619.7,,,479440.0,,,,,,,,,,,,,,,,,,,,,,,,,,,,,,,,
1958 Q4,3200750.7,,,480735.2,,,,,,,,,,,,,,,,,,,,,,,,,,,,,,,,
1959 Q1,3262154.1,,,483703.0,,,,,,,,,,,,,,,,,,,,,,,,,,,,,,,,
1959 Q2,3335664.6,,,491511.0,,,,,,,,,,,,,,,,,,,,,,,,,,,,,,,,
1959 Q3,3337990.4,,,501964.9,,,,,,,,,,,,,,,,,,,,,,,,,,,,,,,,
1959 Q4,3347503.0,,,514716.8,,,,,,,,,,,,,,,,,,,,,,,,,,,,,,,,
1960 Q1,3422775.9,64492946.7,789456.6,527561.3,486902.4,28238400.0,434046.5,,244518.5,166488.6,2451721.2,151996.6,56493.5,1026751.0,544725.6,,74244.9,94321.5,573548.1,44785.5,21186.3,193168.0,,,181597.0,,,,,,,,,,,
1960 Q2,3404349.1,64611835.6,803506.2,523860.8,488731.7,29508000.0,440416.6,,251248.8,169911.4,2476192.7,155545.3,56722.2,1040666.1,548891.9,,75981.7,95483.3,577120.2,45780.4,21474.4,197085.0,,,182093.7,,,,,,,,,,,
1960 Q3,3421028.1,66830939.9,831280.9,531665.1,492390.2,29180000.0,446884.7,,251815.7,174664.5,2500798.6,152884.7,57179.7,1057589.0,555609.1,,76935.3,96651.5,583009.4,46291.3,21764.1,204310.0,,,182593.2,,,,,,,,,,,
1960 Q4,3377131.8,69399570.2,839777.1,534755.0,498226.1,29354000.0,447227.7,,251330.3,178180.5,2525539.0,154586.2,57865.9,1077379.6,564877.4,,78001.9,97826.1,591215.8,47191.4,22055.3,204399.6,,,183095.4,,,,,,,,,,,
1961 Q1,3399928.1,71509152.1,848273.4,543514.1,506239.4,30293600.0,463250.9,352275.1,252082.8,183273.5,2550122.5,155123.3,58780.8,1098240.9,576696.4,,80190.5,98993.6,601739.3,48835.4,22344.0,211394.1,,,183603.5,,,,,,,,,,,
1961 Q2,3457653.9,73033285.2,843698.4,545764.0,514340.9,31601200.0,473050.9,361195.2,249320.3,191412.9,2574459.5,152962.4,59475.2,1102233.1,586046.2,,79909.8,100149.0,612572.3,49195.4,22630.5,214259.7,,,184097.5,,,,,,,,,,,
1961 Q3,3524053.5,74434727.2,861015.4,543058.9,522530.3,31024400.0,484076.0,369984.5,247528.6,195322.4,2600398.3,153141.4,59949.1,1117517.9,592926.9,,80913.9,101426.7,623715.3,49448.3,22849.5,216921.1,,,185708.0,,,,,,,,,,,
1961 Q4,3593183.8,77849768.2,864938.2,542033.9,531408.3,31426800.0,493337.1,375018.1,250340.0,200833.9,2627893.0,155599.6,60202.5,1123141.9,597338.1,,81098.3,102827.4,635167.9,50566.5,22994.6,221168.5,,,188506.4,,,,,,,,,,,
1962 Q1,3657274.1,78894821.8,877681.8,544376.3,540975.1,32052800.0,500638.2,384997.2,257366.8,205584.8,2655190.2,159833.4,60235.4,1126255.1,599279.9,,82285.1,104212.5,646930.3,51247.5,23138.0,222441.1,,,191297.8,,,,,,,,,,,
1962 Q2,3690363.5,79997836.1,886830.2,549523.7,549715.5,31454000.0,506028.2,388057.0,262311.9,210367.0,2682237.0,163170.6,60587.5,1146089.0,602266.4,,82267.1,105590.4,654197.6,49949.1,23280.7,225010.7,,,194050.8,,,,,,,,,,,
1962 Q3,3735738.9,80975284.3,908071.7,552883.8,557630.2,32374800.0,509066.3,393019.9,264419.7,215518.9,2719855.2,168306.5,61258.8,1174136.2,606297.4,,82957.5,106769.2,656970.2,50924.4,23504.8,228095.0,,,198104.2,,,,,,,,,,,
1962 Q4,3748044.5,82667364.2,906108.7,550892.9,564610.6,33307200.0,516710.4,400731.9,269172.6,216097.1,2768579.3,167731.0,62249.3,1183811.7,611372.9,,83032.9,107726.8,655247.7,51829.9,23814.6,229566.8,,,203527.4,,,,,,,,,,,
1963 Q1,3788976.6,83797179.4,874412.8,553409.2,555205.4,35258800.0,520140.4,403272.9,275388.3,228529.1,2817051.1,157209.5,63559.0,1171649.2,617492.9,,83338.2,108676.8,649030.2,51345.7,24121.7,227487.8,,,208892.7,,,,,,,,,,,
1963 Q2,3831504.6,86263706.2,913625.0,577377.4,579997.9,34427200.0,534399.6,409137.9,271821.1,228718.5,2864983.5,171264.6,64679.2,1216450.9,624022.4,,85767.7,109618.7,649930.8,52363.6,24426.5,236212.8,,,214227.8,,,,,,,,,,,
1963 Q3,3915752.9,88793294.1,945320.9,579927.0,599130.9,35561600.0,543170.7,412247.1,282972.2,233653.6,2932417.4,175379.3,65610.0,1239010.5,630961.1,,86700.4,111207.9,657949.6,52910.7,24700.4,241477.4,,,217995.1,,,,,,,,,,,
1963 Q4,3941436.5,91852688.7,949896.0,593089.7,600995.9,35594800.0,548756.7,425148.6,289031.5,238003.4,3020351.1,179072.3,66351.3,1249878.7,638309.5,,88468.0,113481.6,673086.4,54030.4,24939.6,244101.0,,,220056.6,,,,,,,,,,,
1964 Q1,4024550.1,94782251.4,962965.7,597012.2,612310.3,37720000.0,556890.8,435791.6,288562.4,239349.3,3107555.7,181467.2,66903.2,1280845.2,646067.0,,89358.1,115737.2,695341.3,54712.6,25175.7,244405.5,,,222074.7,,,,,,,,,,,
1964 Q2,4068380.2,97068868.3,974730.9,608165.5,618181.9,36635600.0,551255.8,437423.7,295680.4,243293.8,3194538.8,183035.7,67601.2,1287785.4,654399.8,,90651.9,117986.3,713486.2,55187.2,25412.3,253023.9,,,224113.4,,,,,,,,,,,
1964 Q3,4131952.8,98567962.4,984859.3,610404.3,625762.4,39128800.0,550324.7,442092.3,297514.5,245121.6,3261676.2,186494.1,68445.3,1313486.4,663307.6,,91468.2,119572.5,727520.9,56072.9,25595.3,251642.2,,,225236.8,,,,,,,,,,,
1964 Q4,4144728.4,99800715.7,998256.7,619574.1,631417.6,40701600.0,548021.7,444310.0,305964.9,250451.0,3308072.1,188451.9,69435.5,1327542.7,672790.3,,94079.0,120465.9,737445.6,55713.6,25722.5,250103.2,,,225403.9,,,,,,,,,,,
1965 Q1,4245027.0,100612257.5,1014593.8,617890.4,632819.3,41222000.0,555420.8,458443.7,308538.5,255781.0,3354070.6,193893.5,70571.8,1353707.4,682848.0,,93108.4,121349.5,743260.1,57511.1,25847.9,256320.5,,,225599.4,,,,,,,,,,,
1965 Q2,4298661.7,101868751.5,1030604.8,618256.7,648564.5,41315200.0,566494.9,462640.9,313372.9,256872.2,3399707.7,191911.9,71857.0,1343697.9,691323.7,,93600.1,122228.2,748752.1,58306.4,25973.0,256630.3,,,225763.6,,,,,,,,,,,
1965 Q3,4394227.9,104177068.9,1037467.4,623252.4,657936.4,40988400.0,574041.0,469097.4,312450.9,259487.2,3449885.5,193638.9,73291.2,1342314.4,698217.7,,95492.1,123128.3,753921.4,59019.4,26032.5,259349.5,,,230089.7,,,,,,,,,,,
1965 Q4,4495466.6,105795886.5,1043676.1,627241.5,667096.2,41944400.0,582665.0,480594.3,313206.7,267244.3,3504620.5,198814.9,74874.2,1369018.8,703529.4,,95921.4,124045.8,758768.1,58605.3,26021.4,258671.0,,,238853.5,,,,,,,,,,,
1966 Q1,4604878.8,108627426.2,1062628.4,628155.6,673114.8,44515200.0,588300.1,489946.0,312304.3,265425.7,3558791.3,193404.8,76606.2,1387957.5,707259.3,,98987.7,124954.9,763292.1,58070.3,26011.3,255188.5,,,247541.1,,,,,,,,,,,
1966 Q2,4620603.1,112877564.2,1065895.9,631841.3,683295.8,47272400.0,596679.2,500522.3,316584.9,279141.6,3612635.0,199113.8,77456.5,1378800.0,713949.9,,98865.5,125857.3,768491.3,59266.0,26000.3,268280.8,,,256163.1,,,,,,,,,,,
1966 Q3,4659731.9,115622116.6,1067203.5,633906.1,691088.3,46455200.0,613535.4,500283.2,325533.8,284678.9,3665146.5,203198.9,77425.2,1343498.8,723601.0,,99139.0,126949.4,774365.6,59902.4,26191.8,264910.5,,,261398.4,,,,,,,,,,,
1966 Q4,4697960.5,117932566.9,1050538.7,631386.1,694861.3,47073600.0,616475.4,506483.2,327670.8,285450.1,3715899.9,203866.4,76512.3,1411573.5,736212.5,,100021.3,128238.0,780915.3,61742.1,26599.3,267958.7,,,262967.4,,,,,,,,,,,
1967 Q1,4739574.7,121057990.3,1045309.8,639823.2,706768.7,48660000.0,628774.6,505342.0,340463.8,286236.5,3766182.6,206647.4,74717.7,1426546.6,751784.5,,100898.4,129514.3,788139.9,60940.1,27005.6,275475.4,,,264493.6,,,,,,,,,,,
1967 Q2,4742482.5,124314636.5,1042042.4,648748.8,714504.8,49676000.0,642298.7,515869.9,339975.1,289675.4,3816108.0,208760.5,73366.8,1431337.9,763427.3,,101762.3,130782.0,795042.1,61445.6,27406.5,272778.0,,,266036.1,,,,,,,,,,,
1967 Q3,4787350.0,128625424.6,1067203.5,651365.1,721336.8,51732400.0,652196.8,517496.1,346360.2,294644.1,3878949.9,212231.3,72459.4,1408473.1,771140.3,,101091.8,132030.0,801621.7,61074.6,27915.9,269605.3,,,269332.3,,,,,,,,,,,
1967 Q4,4823439.6,131112075.3,1080927.0,654906.4,728367.9,52074000.0,665083.9,519750.6,349367.0,292525.3,3955255.7,214167.5,71995.6,1441313.2,774923.9,,102719.5,133249.2,807878.8,60703.4,28538.3,270989.0,,,274489.3,,,,,,,,,,,
1968 Q1,4921802.6,134240373.5,1093577.1,678952.3,749560.6,55387600.0,666700.9,524181.1,346259.2,298767.6,4030919.0,221247.6,71975.3,1417040.0,774777.9,,104018.2,134459.6,813813.3,61320.7,29155.5,275293.7,,,279613.3,,,,,,,,,,,
1968 Q2,5004015.1,138820562.6,1102077.3,676143.6,692736.8,56202800.0,680666.1,538273.1,359589.6,307832.3,4106398.7,221491.9,72580.4,1494912.8,777850.5,,105248.4,135665.5,822620.2,62316.5,29771.2,276817.1,,,284714.7,,,,,,,,,,,
1968 Q3,5042772.1,141963420.5,1126270.0,689317.4,771523.4,59087200.0,697032.3,545770.2,364345.8,310314.3,4171449.6,222813.4,73810.7,1505775.0,784141.5,,107154.8,137472.3,834299.5,62489.2,30310.3,284462.2,,,289107.4,,,,,,,,,,,
1968 Q4,5062578.8,150051851.4,1143270.3,691985.4,779428.4,58078800.0,713349.4,553327.4,377920.6,322892.6,4225593.6,230265.3,75666.4,1497613.4,793651.3,,108114.7,139906.2,848851.1,63661.0,30769.1,291380.6,,,292758.8,,,,,,,,,,,
1969 Q1,5141779.3,151371499.4,1172040.0,690586.6,780860.5,61047200.0,724521.6,560902.9,375307.9,334348.9,4279420.7,231106.8,78147.3,1491125.8,806379.4,,109167.4,142327.0,866275.2,66773.9,31223.2,284406.3,,,296381.4,,,,,,,,,,,
1969 Q2,5157377.1,155778919.4,1187078.3,695756.2,800015.3,63154800.0,737604.7,563210.6,382745.2,333219.3,4332680.7,234725.5,79859.8,1530530.4,816063.1,,111233.2,144721.2,879682.9,67403.2,31674.6,294413.5,,,299973.3,,,,,,,,,,,
1969 Q3,5191413.3,159510472.0,1212579.9,699504.8,807578.5,68246000.0,739368.7,569459.0,389091.2,339435.3,4400020.9,240184.8,80803.9,1589283.8,822702.7,,113909.5,147141.9,889073.9,69271.6,31989.4,306656.8,,,303615.1,,,,,,,,,,,
1969 Q4,5166068.4,165736186.9,1231214.1,702868.6,813960.4,69618400.0,724423.6,577505.9,398049.8,343235.2,4482045.1,247396.8,80979.5,1600703.9,826297.6,,115068.9,149575.8,894448.4,70302.2,32155.6,305972.0,,,307287.9,,,,,,,,,,,
1970 Q1,5158376.5,170814466.6,1211568.1,698461.3,829518.3,68438800.0,767863.3,581074.9,406330.9,349652.6,4563134.8,243705.3,80386.7,1622075.8,826848.3,,117241.0,151978.1,895806.7,70912.7,32702.5,312079.6,,,310922.5,,,,,,,,,,,
1970 Q2,5165686.9,172885840.9,1259737.8,715150.5,839987.1,71190800.0,773468.6,581123.3,414504.4,350208.0,4643825.3,250356.8,80201.7,1634565.1,830011.6,,120278.7,154372.3,898125.8,73367.6,32509.5,315782.2,,,314535.3,,,,,,,,,,,
1970 Q3,5213287.0,177520559.4,1283267.7,721963.1,851555.7,71631200.0,788987.0,587137.4,413631.3,351997.9,4701567.0,254187.5,80424.6,1682305.6,835787.3,,122607.0,156188.6,901405.9,74737.9,32515.7,320193.0,,,318388.1,,,,,,,,,,,
1970 Q4,5157422.8,176948928.4,1294144.7,728524.1,864926.8,77150000.0,789869.3,588029.0,415595.7,354775.3,4734327.1,259462.7,81055.3,1690086.6,844175.8,,124130.0,157373.5,905647.1,75494.9,32695.4,321489.8,,,322474.1,,,,,,,,,,,
1971 Q1,5297506.1,178560883.4,1269282.9,725082.7,866043.2,77582800.0,785737.9,585004.0,420632.1,357545.8,4766781.6,260729.8,82093.8,1671681.4,855177.1,,124342.4,158542.5,910849.3,71984.1,33019.0,325073.0,,,326531.2,,,,,,,,,,,
1971 Q2,5326155.9,181441295.5,1295920.6,738086.2,881822.4,80110000.0,789053.7,602085.2,422453.1,364520.0,4799001.1,262967.5,83097.7,1652022.5,866469.7,,127021.8,159708.0,918286.7,76371.2,33445.9,330243.0,,,330550.6,,,,,,,,,,,
1971 Q3,5369960.7,183652053.6,1318340.5,750771.5,896201.4,80264800.0,800611.6,618724.0,435711.9,371226.8,4870648.4,264740.7,84066.9,1682213.9,878053.7,,129059.2,161370.7,927959.1,76351.3,33958.4,332282.0,,,336195.8,,,,,,,,,,,
1971 Q4,5382572.9,185325215.0,1317230.7,753743.0,903879.9,80867600.0,805131.3,625486.4,434298.1,378701.7,4984146.7,261812.1,85001.5,1665719.4,889929.1,,128588.9,163556.7,939866.7,75884.1,34525.4,334773.2,,,343549.8,,,,,,,,,,,
1972 Q1,5481462.4,191363137.5,1318562.4,755263.9,915718.9,82030000.0,814026.5,623393.6,429033.7,384846.2,5097024.1,269276.2,85901.5,1673607.4,902096.1,,132777.1,165728.9,954009.4,79609.5,35108.1,337844.5,,,350837.1,,,,,,,,,,,
1972 Q2,5605852.5,194964580.0,1340094.6,775187.4,919236.9,84454400.0,813657.6,641066.3,438653.6,393939.5,5209299.3,270515.6,87038.0,1676787.1,913117.0,,132727.4,167891.3,967264.8,79578.4,35680.2,338808.6,,,358111.6,,,,,,,,,,,
1972 Q3,5658776.8,199126154.2,1371393.9,777252.3,927399.3,85846400.0,824627.1,642968.4,436431.9,402593.9,5323346.2,270926.8,88411.0,1724558.1,922991.4,,134522.8,170323.6,979633.0,81283.8,36216.9,341658.1,,,362692.4,,,,,,,,,,,
1972 Q4,5753529.4,204135530.3,1392703.9,789382.5,942796.4,89496000.0,828546.2,658071.0,441041.5,410569.4,5439215.5,274295.4,90020.5,1753954.6,931719.9,,140591.6,173037.3,991114.2,82963.1,36701.5,347689.8,,,364459.1,,,,,,,,,,,
1973 Q1,5895925.9,210963201.3,1411961.1,828097.1,961579.5,92456000.0,836015.5,674960.6,452433.6,418126.5,5554172.1,282960.2,91866.6,1765618.4,939301.9,,138599.2,175732.8,1001708.1,85928.9,37124.1,349421.7,,,366213.8,,,,,,,,,,,
1973 Q2,5960117.4,212892409.8,1422393.8,829699.4,971968.3,96341200.0,861068.2,681399.7,453306.7,425580.8,5668152.5,282029.8,93736.3,1766260.3,948691.8,,141436.6,178402.3,1008601.3,83276.6,37486.7,349114.5,,,367951.4,,,,,,,,,,,
1973 Q3,5928776.8,213513376.9,1427055.2,821961.7,980316.0,101245200.0,888465.5,684567.9,457887.0,432609.9,5767569.5,279983.0,95629.6,1780064.3,959889.2,,141999.5,180948.0,1011793.7,86972.0,37796.6,352339.4,,,371575.8,,,,,,,,,,,
1973 Q4,5985054.6,216151838.1,1430606.7,818794.0,992847.5,102710400.0,910167.3,697194.4,469301.9,439728.2,5850740.0,290911.1,97546.6,1804370.8,972894.1,,145002.7,183345.0,1011285.5,88606.5,38084.2,358550.3,,,377201.7,,,,,,,,,,,
1974 Q1,5933600.7,208724900.4,1442705.2,796058.2,1002371.8,106998800.0,917548.8,702964.6,469386.6,447196.2,5932846.1,292583.8,99487.1,1794770.2,987706.7,,147926.9,185696.8,1007076.6,88090.9,38412.3,363788.6,,,382790.8,,,,,,,,,,,
1974 Q2,5947704.7,210228353.1,1441595.2,807503.8,1007390.1,106716800.0,926311.9,710175.2,459883.9,452847.0,6014656.3,295939.3,100616.6,1825328.6,1000473.1,,147303.6,188054.6,1002140.0,88362.8,38845.2,364889.1,,,388325.6,,,,,,,,,,,
1974 Q3,5891482.4,212918561.6,1441595.2,812321.9,1016894.3,108382400.0,927856.2,710311.7,465369.9,456042.6,6100084.1,298271.3,100935.0,1851041.4,1011193.2,,147990.4,188366.5,996476.1,89454.5,39452.3,356042.1,,,394245.0,,,,,,,,,,,
1974 Q4,5868599.6,211763800.1,1423392.1,800421.1,1001537.4,108012800.0,908460.5,706611.1,465816.2,456344.4,6188858.3,294139.0,100442.2,1876233.9,1019867.4,,146178.7,186481.5,990084.4,89475.1,40193.2,343321.7,,,400540.0,,,,,,,,,,,
1975 Q1,5797141.5,212040898.4,1415179.1,800750.4,997031.4,109540800.0,892656.9,702761.3,467653.5,454053.9,6276621.6,288363.6,99138.3,1888218.0,1026495.3,,146382.1,184616.4,982965.3,90909.8,40909.5,336018.8,,,406798.4,,,,,7546.0,,,,,,
1975 Q2,5838573.7,216748508.2,1408075.5,787769.1,999551.4,114698000.0,892196.2,711777.2,482430.4,453676.7,6363949.1,292317.0,98414.3,1866419.4,1037224.0,,144874.1,182761.6,983871.0,90264.3,41460.7,332418.5,,,412990.8,,,,,7681.5,,,,,,
1975 Q3,5938532.7,219215405.9,1423392.7,785215.7,1003423.2,117976000.0,904878.1,725432.7,477143.1,455658.6,6442992.5,293982.8,98270.1,1883434.1,1052053.9,,146265.3,183689.7,992801.6,89438.0,41714.9,328639.1,,,422605.4,,,,,7836.6,,,,,,
1975 Q4,6018530.3,221520477.5,1451363.1,794071.0,1016972.8,121616400.0,915015.8,733827.2,469924.1,458861.1,6512653.8,305193.6,98705.9,1907479.7,1070984.6,,149741.0,187597.8,1009757.0,88570.4,41693.2,326293.0,,,435831.0,,,,,7948.1,,,,,,
1976 Q1,6153915.1,223397474.9,1464403.7,807374.3,1031899.2,125129600.0,931136.8,746615.3,490688.6,463421.5,6581464.4,305769.9,99721.5,1875697.4,1094016.5,,149196.2,191489.2,1034737.3,88901.0,41596.7,326002.9,,,448941.3,,,,,8169.7,,,,,,
1976 Q2,6199046.4,224717308.3,1486157.6,806275.3,1044202.1,131144800.0,947966.6,762716.0,492219.7,468770.5,6650365.9,306074.2,100058.5,1908839.1,1112813.6,,151950.3,195355.6,1053469.0,89376.1,41643.6,327675.1,,,462024.1,,,,,8247.1,,,,,,
1976 Q3,6232980.4,227876858.9,1486601.5,816281.4,1049140.3,133689200.0,972058.8,766237.5,496200.6,473317.1,6704953.8,316887.8,99716.7,1898506.1,1127376.2,,155438.4,197062.3,1065952.1,90372.7,42035.6,333109.6,,,470052.6,,,,,8408.2,,,,,,
1976 Q4,6278020.2,228147836.5,1514127.1,833455.4,1062210.9,135192800.0,988920.8,767475.6,500510.5,476951.7,6744580.3,311523.3,98696.2,1889716.0,1137704.4,,157554.9,196513.4,1072186.7,91126.7,42814.7,336837.8,,,472800.9,,,,,8496.3,,,,,,
1977 Q1,6352492.1,233138016.0,1527056.9,833951.3,1073953.1,136546000.0,989312.5,779247.4,497793.6,480730.3,6784320.7,315304.7,96997.1,1851300.7,1143797.9,,157848.9,195965.3,1059340.5,90341.8,43842.3,336641.6,,,475498.5,,,,,8683.5,,,,,,
1977 Q2,6475852.6,234778812.3,1535714.5,828226.6,1078622.6,143473200.0,983803.4,783223.9,504853.0,482911.0,6823299.4,315347.9,95770.4,1870011.4,1151919.4,,160100.4,195425.0,1058600.2,90233.3,44960.1,336624.5,,,478201.4,,,,,8863.5,,,,,,
1977 Q3,6592623.0,236379267.9,1535270.6,833703.3,1083567.5,152094800.0,974601.4,787827.6,502693.1,484515.7,6918572.9,317950.6,95016.4,1872687.0,1162068.6,,160604.9,196036.6,1093428.6,90791.0,46054.2,339252.2,,,480595.3,,,,,8953.8,,,,,,
1977 Q4,6592754.3,239585650.7,1561687.1,847839.2,1086040.7,157826000.0,982952.3,800311.9,501090.4,487752.5,7073644.8,321120.7,94734.9,1861603.1,1174245.7,,164307.7,197880.0,1083523.2,90579.3,47036.4,339038.9,,,482642.8,,,,,9103.7,,,,,,
1978 Q1,6613840.7,244111866.9,1568123.0,855769.4,1101127.3,156548400.0,999016.7,807223.3,504641.2,490797.4,7227768.8,321934.8,94925.9,1891810.0,1196023.7,,157118.0,199712.4,1062851.5,91560.5,47866.4,338996.3,,,484653.8,,,,,9177.0,,,,,,
1978 Q2,6869450.6,246484636.5,1574338.8,865583.1,1119434.9,161373600.0,1016297.3,812717.7,508794.8,491791.7,7380327.5,322526.9,95044.1,1921282.3,1212053.7,,160079.1,201526.1,1086002.8,92206.0,48549.2,339764.1,,,486667.7,,,,,9396.3,,,,,,
1978 Q3,6938540.1,249672379.1,1594983.7,877413.6,1118450.2,164374000.0,1021645.2,820299.0,516535.0,491188.2,7545474.5,325542.9,95089.6,1881660.6,1224109.2,,161131.8,202824.4,1103620.2,92608.8,49078.7,339883.5,,,487474.9,,,,,9762.4,,,,,,
1978 Q4,7031802.7,253275305.4,1613630.7,885106.9,1127969.5,172259600.0,1037213.3,828076.8,520805.9,490461.3,7723092.7,331260.2,95062.2,1912310.4,1225446.6,,162203.6,203561.8,1105812.7,94622.8,49471.0,341197.4,,,486982.2,,,,,10028.3,,,,,,
1979 Q1,7044431.4,257063242.1,1615626.1,882464.8,1137670.7,179987200.0,1053601.0,834683.4,535084.3,489679.6,7898827.4,315008.7,94962.1,1951780.9,1228765.0,,165960.7,204295.2,1116017.5,96543.9,49774.6,343671.5,,,486461.6,,,,,10053.3,,,,,,
1979 Q2,7051951.0,261760187.2,1665795.4,920931.4,1148546.7,181347600.0,1061261.7,845756.3,526500.3,490440.8,8073552.7,333357.2,94924.3,1983118.5,1259076.4,,168100.0,205020.4,1135405.4,98836.8,50056.6,345599.6,,,485976.7,,,,,10384.7,,,,,,
1979 Q3,7104333.2,263756537.2,1665795.5,900586.1,1161675.7,176328400.0,1079625.9,851956.3,531409.6,491620.3,8240745.0,335824.2,94948.8,1988590.2,1286289.1,,169578.3,206976.2,1127826.8,99683.7,50375.4,348850.1,,,483201.7,,,,,10575.1,,,,,,
1979 Q4,7122097.3,264902952.4,1676006.7,909796.6,1163885.3,173650400.0,1105039.1,857672.3,541655.0,493348.4,8398809.2,340992.6,95035.6,1990714.8,1295902.1,,171831.8,210239.8,1133537.5,100876.6,50749.9,354190.7,,,477987.4,,,,,11026.3,,,,,,
1980 Q1,7144501.4,265916345.0,1689435.5,901119.0,1178408.5,175189200.0,1103010.3,863627.3,544085.3,496652.1,8631380.8,340795.3,95184.7,2052981.1,1346635.6,,173670.0,218150.0,1150891.7,102565.3,51157.7,361424.2,,,472831.8,,,,,11205.9,,,,,,
1980 Q2,6997293.6,264514553.6,1678558.9,883389.9,1169214.4,174244000.0,1111570.2,863249.8,545492.6,498340.2,8687689.0,334485.8,95497.7,1955108.9,1323701.9,,171848.2,216696.6,1121556.2,102085.0,51578.8,361986.0,,,467673.5,,,,,11432.5,,,,,,
1980 Q3,6988976.9,270439499.0,1671899.6,882316.8,1170563.8,177542400.0,1112500.3,862532.5,548408.2,496364.2,8875235.8,332240.9,95974.4,2029337.1,1303888.9,,172743.7,214574.3,1106666.0,107176.9,51997.5,363830.5,,,468933.5,,,,,11686.6,,,,,,
1980 Q4,7119316.0,276187658.1,1669680.0,872821.3,1168501.0,172632000.0,1121982.2,874466.9,557829.4,499243.2,9132250.8,339950.3,96614.9,1989623.1,1327211.9,,172838.8,214135.4,1113702.4,104264.3,52410.7,365934.1,,,476896.1,,,,,11983.0,,,,,,
1981 Q1,7258813.5,277880905.5,1689547.0,872251.4,1172493.5,179736000.0,1115581.3,893306.0,560005.6,496416.5,9336171.4,336675.3,97419.2,2001842.6,1350148.7,,171641.7,214183.4,1115444.1,104068.1,52827.6,365790.0,,,484823.5,,,,,12337.7,,,,,,
1981 Q2,7205020.2,281281509.0,1685329.3,874323.7,1180537.2,184077600.0,1117756.7,903073.1,568628.7,495866.9,9578084.9,336589.0,98347.2,2000600.6,1354804.5,,173369.0,217306.0,1107251.4,105286.8,53261.8,369970.9,,,492657.0,,,,,12723.6,,,,,,
1981 Q3,7291300.4,280655891.9,1689769.1,883848.8,1188366.5,191740400.0,1118274.3,894953.6,580134.8,498071.9,9628155.1,333511.4,99398.9,2015951.0,1340752.3,,173248.6,216374.1,1114034.2,105808.4,53734.0,371255.9,,,498443.0,,,,,13001.6,,,,,,
1981 Q4,7211854.7,282704511.0,1688437.0,884903.4,1195273.5,194748400.0,1127350.8,890837.6,577760.0,497574.6,9800651.0,333776.6,100574.2,1993321.8,1340469.7,,172154.6,216953.5,1116113.7,106226.7,54209.3,369863.0,,,501995.9,,,,,13259.3,,,,,,
1982 Q1,7099808.1,287036959.2,1694763.1,886557.5,1205265.5,196070000.0,1126905.2,880642.7,573114.5,499622.7,9611813.2,336909.7,101873.3,1998983.5,1348896.0,,175646.4,217243.2,1130821.0,106887.7,54598.5,367302.7,,,505496.5,,,,,13429.9,,,,,,
1982 Q2,7132195.8,289007648.4,1684330.2,895871.7,1213907.6,200674400.0,1123702.8,870504.0,578176.9,501520.2,9626459.9,328713.0,102926.8,2041207.8,1349012.2,,176161.8,217828.5,1144196.6,107941.2,54832.4,364912.6,,,508990.9,,,,,13643.7,,,,,,
1982 Q3,7104931.7,290270624.2,1667682.2,897884.7,1213385.7,204836400.0,1123101.8,862784.2,574368.7,504896.4,9557226.0,332358.0,103734.7,2015866.5,1348679.4,,176042.6,218073.9,1156028.9,109113.5,54838.0,362986.1,,,513827.7,,,,,13848.0,,,,,,
1982 Q4,7107774.3,294304230.7,1671677.8,904094.2,1220813.7,211282400.0,1119836.2,854822.5,565227.6,506676.2,9347518.6,325376.3,104297.1,2055143.3,1352261.5,,175734.7,216692.8,1156259.6,110497.5,54651.1,361884.7,,,520074.2,,,,,14052.0,,,,,,
1983 Q1,7201439.9,294489823.2,1686827.7,921542.0,1225506.1,220643200.0,1122969.1,868792.6,559673.3,508527.9,9278405.3,328083.9,101908.1,2031891.1,1385759.5,,177867.8,216731.9,1162201.1,110626.6,54433.0,364887.3,,,526284.2,,,,,14418.3,,,,,,
1983 Q2,7365310.1,296704244.5,1704586.3,927940.2,1225835.0,227456000.0,1121617.0,885931.9,558549.4,511668.6,9091843.0,336996.0,106092.3,2047910.5,1398383.2,,180195.4,216834.2,1181278.8,111788.5,54345.6,365207.8,,,532429.3,,,,,14726.5,,,,,,
1983 Q3,7512539.3,301143692.5,1701034.4,938649.4,1227544.6,235902800.0,1142504.0,895884.8,574212.3,512421.1,9167318.3,341967.1,107684.4,2070997.2,1414381.8,,181706.2,218644.0,1166036.6,112816.2,54544.4,367098.3,,,540592.3,,,,,15031.8,,,,,,
1983 Q4,7669264.6,303652599.9,1724564.4,945598.9,1234778.9,237591600.0,1167831.1,907022.5,583737.8,515731.9,9272783.3,339567.9,108454.1,2112721.9,1414821.3,,183547.9,221086.9,1193314.2,112542.5,55062.3,368703.3,,,550869.1,,,,,15484.2,,,,,,
1984 Q1,7819182.7,307149692.6,1747373.0,953555.0,1239728.2,248001200.0,1165540.8,922732.1,598358.3,519998.1,9528722.7,345260.6,117059.4,2160403.4,1458626.1,,181129.5,221981.3,1208805.3,114318.9,55791.0,372429.4,,,561055.9,,,,,15973.6,,,,,,
1984 Q2,7954279.5,311801246.3,1719848.3,943996.6,1245407.3,254217200.0,1169293.4,940639.0,605183.1,518395.0,9388470.3,345057.1,113388.3,2127704.3,1466104.3,,179850.8,222320.7,1224130.6,114473.9,56606.0,374366.7,,,571221.5,,,,,16163.5,,,,,,
1984 Q3,8030959.6,315611668.4,1766684.7,950935.1,1253593.4,257682800.0,1183061.5,944683.3,610659.3,522909.8,9615817.2,348831.6,114144.9,2155833.7,1501219.0,,181505.3,222958.2,1235297.0,115496.4,57403.9,380424.7,,,578735.2,,,,,16354.8,,,,,,
1984 Q4,8096875.5,316156420.2,1781556.9,968149.8,1252533.9,258935200.0,1183251.3,959426.8,614656.5,523577.2,9531079.7,349473.0,116394.9,2175879.3,1527138.3,,183230.1,224394.8,1241042.4,116859.7,58093.6,383639.6,,,583477.5,,,,,16413.1,,,,,,
1985 Q1,8175332.5,323904054.3,1771846.2,977401.0,1256202.3,266213600.0,1190016.3,974167.4,623553.2,529420.2,9705413.8,350762.1,118171.3,2178901.0,1562504.2,,184110.2,225354.4,1244985.0,117665.3,58597.0,388643.8,,,588194.4,,,,,16603.2,,,,,,
1985 Q2,8247314.2,330462949.5,1789604.5,998345.8,1267220.3,272626400.0,1205735.0,977300.8,637271.3,528922.9,9697005.0,357682.1,117033.1,2201931.5,1544662.7,,184396.8,226177.5,1265033.9,118992.5,58867.3,391191.2,,,592859.1,,,,,16148.5,,,,,,
1985 Q3,8373273.1,334787254.4,1812912.4,998160.8,1273925.8,275728000.0,1215393.1,989707.5,645757.6,534406.1,9757650.5,354197.4,115322.6,2226228.9,1581899.7,,187134.1,227709.0,1292607.2,119586.4,58852.1,391868.2,,,600247.5,,,,,15967.7,,,,,,
1985 Q4,8435524.1,339234656.4,1823789.5,998749.2,1280021.2,284134000.0,1223497.3,1004796.6,643861.6,540543.6,9731158.8,362862.8,117664.7,2203857.7,1594620.8,,186355.0,228888.5,1317187.7,119787.8,58610.0,395253.5,,,610511.8,,,,,15797.1,,,,,,
1986 Q1,8514290.6,340583610.7,1813356.5,1009199.4,1284270.6,289604800.0,1231121.9,1004287.5,648125.9,542068.1,9543518.8,363504.3,111256.8,2248452.1,1628878.5,,188021.7,230142.5,1328582.5,119860.1,58330.5,396826.4,,,620727.8,,,,,15949.6,,,,,,
1986 Q2,8552630.1,339746834.8,1834222.5,1018139.8,1297994.3,300891200.0,1239085.0,1010059.6,646989.0,554977.8,9507871.9,369801.4,120019.9,2259706.1,1610490.7,,190296.6,230611.1,1324640.0,120381.6,58202.1,399643.5,,,630825.4,,,,,16156.2,,,,,,
1986 Q3,8634450.4,341737030.2,1847763.5,1024530.5,1304526.6,313881200.0,1251452.5,1011329.6,648764.4,551065.0,9327392.6,370738.8,125269.9,2270756.9,1645398.2,,190451.7,233449.7,1324123.2,125628.4,58405.6,399785.6,,,644899.8,,,,,16413.0,,,,,,
1986 Q4,8680765.0,344432382.3,1866187.7,1044254.2,1305921.9,318777200.0,1256590.9,1004008.7,659635.3,554585.2,9301926.7,366014.5,115710.7,2277652.8,1652910.9,,190592.6,230750.6,1328991.1,123273.6,58982.0,399475.0,,,663152.3,,,,,16833.6,,,,,,
1987 Q1,8745162.8,344185335.9,1819350.0,1051577.5,1307474.6,329014800.0,1261738.2,1027215.3,665981.3,565944.1,9357503.5,366890.3,115901.5,2288044.8,1652543.6,,188967.2,232380.5,1308136.9,124218.6,59810.6,399590.9,,,661974.6,,,,,17245.9,,,,,,
1987 Q2,8839451.2,351398065.9,1860194.3,1067167.7,1327165.0,345311600.0,1280845.7,1040374.3,676588.3,574411.0,9613546.4,372916.0,118987.0,2338657.1,1682735.7,,192302.2,234962.7,1347705.9,126382.4,60748.3,402716.9,,,689975.4,,,,,17794.4,,,,,,
1987 Q3,8916105.0,358427002.6,1873069.1,1093470.8,1336064.7,348680800.0,1284542.8,1056269.7,688827.4,586273.7,9623838.8,377190.1,120276.5,2365237.2,1646120.3,,194638.6,238246.3,1329087.4,126873.0,61694.0,407390.8,,,701648.5,,,,,18413.2,,,,,,
1987 Q4,9069190.6,367655778.3,1903036.3,1105911.8,1355808.9,355777600.0,1298364.4,1069915.5,702731.2,598267.3,9740126.2,380261.6,118506.8,2372594.9,1670922.0,,196215.5,241321.2,1337008.4,129372.4,62575.3,410642.7,,,748732.3,,,,,18947.9,,,,,,
1988 Q1,9116067.7,376432503.7,1885776.3,1123833.4,1372444.9,383184000.0,1317472.5,1085504.0,705728.3,600191.0,9674331.0,380760.8,120219.9,2383947.1,1668523.4,,194231.8,243711.2,1350112.0,131019.8,63370.5,412430.1,,,720002.8,,,,,19161.1,,,,,,
1988 Q2,9235855.8,375882922.7,1919962.3,1129691.2,1383982.0,374904400.0,1325842.1,1095136.5,706223.4,607532.5,9643290.6,383661.8,120421.2,2388557.8,1647256.8,,197796.3,245982.7,1350855.0,132073.3,64090.7,414713.1,,,714138.0,,,,,19936.0,,,,,,
1988 Q3,9289975.1,384268673.0,1941716.9,1143812.3,1401625.7,386697600.0,1343263.2,1095299.2,712077.5,618485.7,9655192.6,386929.0,122304.2,2392507.0,1658797.4,,201082.2,249005.6,1325171.8,133700.0,64743.2,419177.4,,,716961.7,,,,,20467.2,,,,,,
1988 Q4,9413759.9,388318187.4,1964581.5,1152978.5,1413136.9,399283200.0,1359300.4,1102815.6,723228.6,617098.6,9847546.3,390528.7,122259.5,2443150.5,1660769.0,,203461.6,251445.6,1357773.6,136173.6,65397.4,427214.9,,,710647.4,,,,,,,,,,,
1989 Q1,9509440.9,398795167.3,1985114.2,1158562.5,1429590.8,399456000.0,1367744.4,1115558.3,730678.9,631650.6,10032057.6,396455.9,123722.0,2447174.7,1654741.2,,205136.4,253357.1,1373120.5,137800.3,66186.5,429174.8,,,701630.3,,,,,21030.4,,,,,,
1989 Q2,9582007.4,393587972.4,1993105.2,1165800.7,1447035.2,405290400.0,1373658.5,1119897.8,746263.6,637866.6,10035890.4,401394.9,124433.2,2463703.2,1670903.1,,206112.1,255792.2,1345636.3,140222.3,67233.3,435929.4,,,703401.9,,,,,22231.9,,,,,,
1989 Q3,9652984.8,400474495.2,2011307.2,1167706.4,1463148.5,415683600.0,1387978.0,1123941.1,752257.8,646411.9,10222971.9,404917.9,119678.7,2464462.6,1684396.5,,207821.0,256742.3,1325635.4,141874.9,68688.7,438550.7,,,722459.5,,,,,22488.5,,,,,,
1989 Q4,9671999.3,412882205.0,2034614.3,1167562.1,1483975.3,432850400.0,1402262.2,1121704.1,750283.6,645338.8,10132828.6,408178.6,122724.6,2496678.3,1694194.7,,210523.5,260076.4,1347609.7,141942.0,70470.1,444035.3,,,741459.6,,,,,23001.2,,,,,,
1990 Q1,9777702.9,410917860.1,2076846.9,1173490.3,1488286.6,437259200.0,1407851.9,1132491.4,756551.4,650992.1,10353141.1,413294.9,124048.5,2501980.1,1694637.4,,213117.9,264142.1,1340120.5,143864.0,72249.7,453435.3,,,773746.0,,,,,23950.0,,,270514.0,,,
1990 Q2,9813193.0,423878086.4,2087058.0,1181342.8,1496058.1,447012800.0,1412142.8,1127947.7,757382.1,662056.6,10577783.8,416753.8,123274.7,2494346.4,1709810.3,,215415.6,263207.7,1370255.6,141884.0,73737.5,454798.0,,,789091.1,,,,,24200.6,,,276069.0,,,
1990 Q3,9819726.8,430985426.3,2131010.0,1168409.5,1504966.3,461464400.0,1414407.1,1119863.9,753124.3,660080.6,10722079.2,422431.3,123355.2,2474569.1,1695849.2,,217195.7,263557.4,1374208.2,138844.0,74664.9,452906.9,,,764700.9,,,,,24472.5,,,279099.0,,,
1990 Q4,9730327.5,430166641.5,2168524.8,1162503.5,1502422.1,470847200.0,1405219.3,1109892.6,757518.9,685042.7,10858351.9,425780.1,126226.7,2502678.8,1733488.1,,218680.8,266755.3,1359449.8,138048.0,75004.4,451435.3,,,806943.5,,,,,24863.6,,,281795.0,,,
1991 Q1,9684795.4,433914757.5,2230067.8,1156760.4,1505782.7,488504800.0,1419271.8,1093925.6,747752.4,671877.9,10888278.4,424050.1,121338.1,2494886.3,1754544.3,,220195.6,265604.2,1363468.2,135356.0,75023.0,452675.1,,,768983.3,,,,,25457.6,,,286373.0,,,
1991 Q2,9760306.7,439062771.1,2218265.3,1155424.5,1510847.7,496621200.0,1426966.7,1099176.0,746563.3,680069.9,11054893.7,429020.0,120242.3,2466265.2,1762157.5,,222204.1,268705.2,1378176.0,133736.0,75040.0,447660.7,,,787308.0,,,,,25819.2,,,290069.0,,,
1991 Q3,9809631.2,438090777.8,2213423.2,1153163.5,1516091.5,507275200.0,1436299.8,1100633.8,749869.9,685206.3,11075449.5,430774.1,121950.8,2454281.9,1758581.7,,224668.6,270518.3,1388385.8,130984.0,75331.0,447081.3,,,800035.3,,,,,26244.2,,,294012.0,,,
1991 Q4,9843822.2,441167636.1,2241870.4,1154577.1,1524702.0,519975200.0,1443497.7,1102567.8,750299.9,688615.3,11275490.9,435552.8,121740.6,2450479.3,1769284.1,,226043.2,271886.8,1374708.2,129448.0,75967.6,448318.2,,,807196.4,,,,,26456.1,,,300171.0,,,
1992 Q1,9961677.6,441304842.0,2276216.5,1154199.6,1537052.2,529232800.0,1449951.4,1103346.1,756154.0,695485.6,11274505.2,438635.2,122581.5,2472964.3,1811070.1,,226910.5,275698.5,1394518.5,129864.0,76787.2,452018.4,,,831125.8,,,,,26919.1,,,303403.0,,,
1992 Q2,10069692.4,442850088.8,2258665.0,1152401.2,1539183.0,532946400.0,1443743.4,1104603.5,761486.8,686416.8,11459387.5,434604.3,123686.2,2460261.9,1818896.8,,227997.8,272346.8,1383389.7,128404.0,77609.3,451163.1,,,824865.0,,,,,27242.4,,,308694.0,,,
1992 Q3,10169192.0,443371168.1,2254731.3,1157870.5,1536456.7,533306800.0,1437574.7,1110586.7,769100.0,686855.2,11565796.9,435926.4,121320.2,2424651.2,1838675.3,,228178.2,273188.2,1420916.1,127356.0,78278.8,446607.9,,,846317.0,,,,,27973.8,,,314384.0,,,
1992 Q4,10275242.0,440544670.3,2247468.6,1166792.4,1534815.8,541630000.0,1431826.1,1116914.5,785131.1,682379.7,11575432.1,437568.6,122639.6,2391377.7,1827728.1,,227488.1,269820.9,1414657.7,126456.0,78761.7,443343.0,,,850529.3,,,,,28725.1,,,317132.0,,,
1993 Q1,10292395.9,445508985.2,2231202.6,1172620.7,1525129.2,552412000.0,1428806.1,1124006.0,790519.3,676013.2,11603415.9,440263.6,125359.0,2351366.2,1827144.1,,226943.3,267771.0,1397667.1,126752.0,79156.0,442739.5,,,871050.3,,,,,29362.8,,,321439.0,570937.3,,
1993 Q2,10352315.2,442688263.5,2230597.3,1177875.4,1523921.6,566583200.0,1426394.6,1134244.5,795135.4,675967.4,11607607.7,441363.8,126316.1,2382520.3,1853330.3,,228238.1,270476.2,1391887.5,126508.0,79576.1,447643.3,,,912481.2,,,,,30626.7,,,326915.0,574835.4,,
1993 Q3,10401711.8,439510371.0,2243609.8,1188666.0,1525441.9,577029200.0,1422991.3,1145091.8,796184.4,684100.5,11742460.4,444970.9,129903.2,2401377.4,1883905.4,,230565.1,271332.1,1394194.5,127232.0,80143.8,449152.4,,,915937.0,,,,,31160.6,,,334281.0,582207.0,,
1993 Q4,10543190.6,442279297.2,2242096.8,1196740.5,1530665.1,588071600.0,1433591.4,1149989.8,810736.4,686678.5,11815970.1,442210.4,132166.3,2408355.7,1939586.7,,232185.3,273916.3,1424703.1,128192.0,80946.9,451008.3,,,923004.6,,,,,32391.3,,,338096.0,587176.1,,
1994 Q1,10645497.8,446237925.8,2273191.5,1208526.6,1540635.7,605224800.0,1441894.1,1166946.2,824018.0,692358.0,11933340.7,448828.2,136366.1,2436243.2,1937991.8,,232931.8,275843.5,1442119.4,129044.0,82040.3,453875.6,,382156.3,904660.5,,,,,33391.2,,,345508.0,586899.4,,
1994 Q2,10789763.8,443768849.8,2278638.3,1219624.4,1555993.8,615099600.0,1453897.3,1183981.9,833901.8,693876.0,12205304.0,453991.4,137524.6,2460943.0,1975316.7,,233333.0,279015.2,1484356.6,130164.0,83459.2,449442.1,,388799.4,806479.4,,,,,33772.9,,,348181.0,592625.5,,
1994 Q3,10852839.1,448861187.9,2294374.0,1231936.0,1569846.1,625446800.0,1466060.4,1199161.0,840361.8,699385.4,12273950.2,457433.4,137810.8,2481439.4,1953036.1,,235448.7,279795.7,1477396.8,133136.0,85286.0,453975.3,,396648.4,844681.4,,,,,34809.2,,,351085.0,599289.7,,
1994 Q4,10977165.9,447118446.0,2322213.9,1237309.1,1584058.4,650029600.0,1480044.9,1207872.0,849157.6,702002.6,12405928.7,461764.9,138991.6,2526308.9,2016971.0,,238627.4,284502.1,1514463.8,136488.0,87445.7,456548.9,,398061.5,869021.9,,,,,35324.4,,,355677.0,610426.2,,
1995 Q1,11016110.8,452038899.7,2313892.4,1243699.8,1589220.9,663618400.0,1495259.2,1218970.0,849212.9,710004.7,11834874.6,464906.3,140865.6,2559107.4,2016613.1,794020.4,240622.8,284344.7,1522251.4,135360.0,92689.8,453775.9,,405768.5,893410.6,545989.8,,,,35181.3,,,358085.0,611952.0,,
1995 Q2,11048974.4,456294113.7,2330839.6,1246286.5,1599295.1,677035600.0,1495163.3,1219487.9,852890.9,714452.7,11121884.3,468553.7,143222.7,2570209.3,2031192.7,808852.8,241643.1,285540.7,1517896.3,138996.0,93795.8,455032.3,,410378.2,910774.8,557653.1,,,,36239.2,,,357360.0,613711.2,,
1995 Q3,11142970.8,461645028.4,2335076.4,1260174.4,1601834.5,691090000.0,1505243.5,1221099.6,872033.0,717344.7,11359141.5,472235.1,143330.0,2577795.8,2070913.0,831819.2,242191.2,287252.7,1524226.7,138368.0,94506.0,458049.3,,412086.7,930947.5,563946.2,,,,37676.2,,,356758.0,617783.0,,
1995 Q4,11218640.7,462800423.6,2335984.2,1264097.0,1601255.9,704017200.0,1515760.9,1226027.7,872378.3,722708.7,11618910.0,475599.2,144832.8,2609399.7,2092195.3,841882.4,243026.2,287844.7,1535379.3,138436.0,95998.5,457146.6,,418884.9,935998.3,567501.4,,,,38043.3,,,361492.0,619861.0,,
1996 Q1,11302674.0,466518286.4,2316843.2,1272449.0,1613189.0,717450800.0,1518259.3,1227806.8,886347.3,727016.7,11889569.2,477553.1,145772.1,2626897.1,2135601.4,859755.6,244763.7,287264.7,1535610.1,140932.0,99980.1,458550.4,72108789.9,417835.6,963573.7,574445.0,,175460.8,,39337.5,,,367125.0,631343.9,,
1996 Q2,11491196.2,472498544.0,2348315.7,1276593.5,1615521.7,731944400.0,1518332.1,1236547.8,891914.7,732428.7,12018033.5,482877.6,147552.2,2604942.3,2133171.4,877124.0,246808.5,289280.7,1577194.6,142044.0,101319.7,457340.1,72826226.7,419664.9,976471.4,585163.2,7902844.5,177538.5,,39287.4,,,369693.0,638865.5,,
1996 Q3,11594276.1,473118687.7,2356183.8,1288564.6,1622168.1,744818800.0,1520024.5,1246933.4,899163.0,738712.7,12194298.4,489638.3,149681.2,2612950.6,2192161.7,886640.4,247580.9,290612.7,1581655.2,142868.0,100396.3,457329.8,73552241.7,421167.2,984374.6,592874.6,7941487.9,184099.9,,39277.0,,,374674.0,646477.5,,
1996 Q4,11714667.6,478391909.4,2373735.5,1306119.8,1627545.8,757418000.0,1515351.7,1256812.8,907404.9,742564.7,12580521.2,493119.3,150101.6,2635765.8,2162817.2,855818.8,248017.9,292904.7,1582193.1,145544.0,101826.4,459160.4,74606429.8,422313.0,1003885.9,602640.2,8067406.1,182345.3,,40335.0,,,383256.0,652542.5,,
1997 Q1,11790279.1,479584101.3,2361403.0,1327038.7,1632697.8,760963200.0,1519970.9,1273652.9,913219.9,750140.7,12626994.4,498499.1,149475.4,2659952.3,2230773.8,909622.4,249381.6,295840.7,1602051.3,147260.0,107176.4,463967.4,76298285.4,421162.2,1025324.2,609978.5,8128102.2,184307.5,,41566.8,,,389015.0,655571.8,,
1997 Q2,11986612.9,476025924.0,2391968.4,1341700.1,1649100.8,787981600.0,1540821.3,1287986.0,940737.6,756988.7,12919765.9,503689.6,152870.2,2689142.6,2275357.1,922234.4,250153.9,300416.7,1629566.3,149496.0,111141.1,465173.4,77886231.2,435575.8,1053944.1,610630.5,8161415.1,185219.6,,42937.1,,,396249.0,659684.9,,
1997 Q3,12136274.1,476964538.9,2399231.4,1354167.0,1664952.0,794220400.0,1551738.5,1303255.2,941975.5,766004.7,13193085.0,511007.0,156027.8,2707533.5,2273319.6,925774.8,253476.5,303064.7,1624966.1,153020.0,112595.6,470617.6,79645668.4,438980.9,1060665.3,611496.7,8258767.1,187556.5,,43615.3,,,398308.0,660340.8,,
1997 Q4,12239900.9,477128224.1,2417388.9,1374146.0,1682379.3,790598800.0,1578609.7,1315849.7,955866.2,776468.7,13564399.5,517563.2,153433.7,2766117.7,2300033.2,941742.8,255981.3,304752.7,1624744.2,157528.0,114790.1,473724.1,81341030.4,442924.3,1084126.3,622608.2,8390978.0,189130.3,,43258.7,,,387405.0,660432.0,,
1998 Q1,12362759.3,471310851.7,2439933.2,1384122.6,1698791.2,736695600.0,1566756.1,1334429.4,961984.2,783312.7,13770980.5,524545.3,153433.7,2776437.2,2329095.1,960240.4,257835.7,305544.7,1649241.9,156380.0,118183.0,478279.6,81994464.6,444884.4,1103659.8,634077.1,8527757.2,185412.9,,42144.3,,,378147.0,662167.0,,
1998 Q2,12477199.8,469253938.3,2429644.6,1392944.6,1712255.9,730743600.0,1576064.5,1335136.0,971395.6,792196.7,13872234.7,528299.4,152825.4,2814271.8,2351039.8,960374.8,260611.6,306560.7,1636786.5,159536.0,120557.8,483559.5,83385383.9,445288.8,1094868.7,630815.9,8639533.6,188569.9,,41830.6,,,371851.0,663103.5,,
1998 Q3,12634280.3,470102861.3,2441143.6,1397492.5,1722240.7,743510800.0,1577987.3,1347301.8,989795.0,799688.7,13941647.0,532808.9,153635.0,2826553.8,2315909.4,969591.2,262561.4,307456.7,1666859.4,161540.0,124974.3,483715.3,82825289.5,434837.9,1079463.0,637647.9,8796319.3,188512.2,,41485.7,,,365916.0,661651.0,,
1998 Q4,12837590.7,473855620.9,2431157.4,1406762.2,1734581.2,762069200.0,1570258.5,1365557.1,1005259.2,808376.7,13965292.5,537684.7,157526.2,2862568.8,2325745.3,972582.0,263483.8,308144.7,1672206.0,162972.0,121897.7,482713.2,80144449.5,423538.7,1076670.6,640312.8,8911613.5,186346.5,,42225.7,,,362648.0,662288.1,,
1999 Q1,12958191.4,467360110.0,2459301.3,1416509.3,1746098.4,785195200.0,1580170.9,1390212.9,1012650.9,816488.8,14086069.8,546646.6,159046.9,2893736.5,2349470.1,980406.4,265097.2,311364.7,1687356.8,165660.0,129571.3,483204.5,80159832.8,418573.7,1058519.9,640717.2,9056351.7,186718.4,,42973.1,,,366449.0,668653.1,,
1999 Q2,13066359.0,469126449.8,2459301.3,1423229.4,1756857.9,819611600.0,1586210.1,1401678.8,1016136.7,826224.8,14191502.6,552730.2,160223.2,2913294.0,2350358.6,1000942.0,268501.5,315624.8,1696070.0,166540.0,130562.4,486344.7,80378538.1,414924.0,1052552.8,661842.3,9290207.7,187690.5,,44059.2,,,374528.0,673974.9,,
1999 Q3,13239603.6,471632922.5,2486536.3,1445998.6,1783095.5,842406400.0,1600370.5,1423649.3,1027730.7,837216.8,14326991.7,560342.6,162602.6,2933984.3,2390433.6,1020968.8,273016.3,320208.8,1706552.6,167428.0,135678.7,489392.6,82074142.0,420973.9,1034800.3,664281.2,9405901.3,187666.9,,44901.5,,,382016.0,681334.0,,
1999 Q4,13456821.5,471772409.8,2507113.6,1466717.6,1807115.9,866720400.0,1622591.7,1443593.9,1045211.5,846608.8,14469121.4,568225.9,164217.2,2989994.4,2424675.6,1036085.6,273895.0,324000.8,1730423.8,168856.0,138764.8,500733.0,84236026.8,420569.0,1065714.1,677188.7,9561170.2,190325.8,,45276.7,,,392633.0,688828.6,,
2000 Q1,13505641.9,479836278.4,2542899.0,1484794.6,1822153.9,883145200.0,1642539.7,1466196.5,1049498.6,860196.8,14769945.9,571764.3,168323.1,3009314.8,2469915.1,1042934.8,276524.2,326304.8,1747297.2,173892.0,140266.5,504058.9,85031872.2,429838.3,1082497.5,685686.8,9761909.6,192360.1,1012908548.9,46764.0,,1730543.09840331,404254.0,696879.9,,
2000 Q2,13751618.5,482066876.1,2563477.0,1495725.8,1840819.2,894913200.0,1653667.7,1483452.9,1059200.0,871020.8,14955534.1,578149.8,166829.3,3087207.9,2440228.5,1054434.4,278525.8,328652.8,1767188.7,175232.0,144128.2,506392.5,85220383.0,429971.5,1124643.2,711051.3,9775079.0,195079.2,1007085097.4,47666.1,,1735471.53428612,404841.0,703291.1,,
2000 Q3,13765635.9,482211963.0,2562266.6,1505343.4,1856372.6,919564400.0,1665185.3,1498659.2,1061767.0,880428.8,15121109.2,582920.4,167544.9,3110718.7,2459890.8,1057881.2,280198.5,330176.8,1772070.4,177976.0,147224.6,511723.8,86546326.7,432387.2,1141392.6,733535.9,9904862.1,197417.7,1031621787.4,49242.2,,1761003.733505,409853.0,710256.4,,
2000 Q4,13847822.1,486863941.0,2554701.0,1515023.9,1867379.3,916580800.0,1691090.9,1501623.2,1057916.4,889396.8,14949136.6,590496.8,168743.5,3101604.8,2460694.5,1077552.8,283975.0,333404.8,1789397.7,179868.0,148108.2,518104.0,87562057.1,431836.2,1157790.3,735228.0,9909011.3,199837.2,1061287238.5,49548.7,,1762083.58625195,412827.0,716300.4,,
2001 Q1,13802429.1,490524609.0,2606070.4,1528504.8,1875940.4,927814000.0,1699912.5,1510075.7,1068761.3,898884.8,15042533.4,591137.6,167276.5,3110781.7,2493982.1,1073540.8,283275.8,333592.8,1769969.8,180748.0,150522.2,517033.3,88172125.2,434966.3,1098452.0,727841.3,9962585.5,200476.2,1053724548.7,49193.9,,1771557.58084481,411456.0,720702.2,,
2001 Q2,13888625.7,486808846.0,2605162.6,1535254.5,1879062.7,939865200.0,1695181.7,1514824.7,1077876.3,905584.8,14932637.3,594126.8,172701.8,3113806.4,2490305.8,1070138.8,282595.4,333652.8,1778610.5,180964.0,153391.8,519345.5,89026282.7,436050.0,1045242.6,721264.4,10169944.0,199562.4,1064503041.7,47929.5,,1791179.02233132,410858.0,724303.5,,
2001 Q3,13832982.4,481548623.1,2599715.6,1543421.5,1891147.1,952555200.0,1688199.7,1513759.9,1089893.9,914024.8,14903028.5,595159.4,172402.2,3125665.2,2515741.6,1075404.8,282781.9,333016.8,1794579.3,182108.0,152822.0,519634.7,88816986.0,439622.1,1058326.8,713538.7,10295731.9,198557.3,1064723806.5,46878.8,,1820687.31761869,410543.0,726228.4,,
2001 Q4,13870992.0,479833678.7,2597294.6,1548454.2,1882846.9,969344800.0,1685147.7,1522838.7,1103410.0,920244.9,14773055.1,597078.8,174732.4,3151656.9,2533919.1,1075717.2,284086.6,332684.8,1791040.1,181596.0,155791.1,517452.3,89371737.2,442322.3,1040516.2,710870.8,10532109.9,197923.1,1079803504.2,47181.2,,1817879.07143508,408070.0,731815.4,,
2002 Q1,13987003.3,480713398.9,2583979.8,1552484.1,1893934.1,994009600.0,1688929.3,1545105.4,1111609.6,924208.9,14683840.3,593435.6,176722.7,3147219.6,2520400.6,1082765.6,287018.2,335544.8,1790438.9,182784.0,158083.1,517624.6,90120166.9,438411.2,1079822.6,716890.9,10617114.2,202851.6,1092967373.4,48589.8,,1835537.21095254,408358.0,739763.0,,
2002 Q2,14072702.6,484552750.7,2595176.3,1560081.2,1901756.5,1012022400.0,1694893.7,1554234.6,1131188.3,931796.9,14833999.4,595502.3,178221.1,3195913.8,2563768.9,1090472.4,288267.5,338416.8,1790261.3,184592.0,160282.6,519032.9,90853257.0,453510.7,1126432.2,717154.0,10683339.7,203352.5,1107016689.4,50000.0,,1852032.20265769,414607.0,749149.5,,
2002 Q3,14129909.7,486126807.9,2607885.9,1570583.2,1911134.1,1032483600.0,1697934.9,1567674.2,1134009.4,937544.9,14978883.1,596426.9,181651.6,3215834.3,2532148.4,1101000.0,289200.0,340228.8,1796349.1,184160.0,163139.3,518995.0,91842955.3,451863.9,1141824.6,717300.3,10746752.1,206143.1,1121225595.6,50040.6,,1870348.46876306,421123.0,757628.6,,
2002 Q4,14147375.0,487436889.1,2604254.6,1582794.8,1910973.1,1043813600.0,1703549.3,1576284.5,1143316.6,944560.9,15010182.7,597319.5,185583.0,3220726.7,2555851.3,1106387.6,287882.1,341500.8,1790420.7,186256.0,165860.5,516520.2,93177695.3,453068.7,1166186.9,717172.3,10755160.5,208233.2,1133346850.7,49966.3,,1900552.63032503,424024.0,763932.0,,
2003 Q1,14221881.0,487766559.2,2565595.4,1594292.3,1912787.5,1036933200.0,1698450.1,1585054.5,1145378.7,953408.9,15000707.6,597423.1,186191.3,3258724.4,2559653.1,1110719.6,290064.0,340600.8,1800015.7,184940.0,164762.9,514203.0,94501799.5,456767.9,1167161.9,727330.5,10997269.3,207333.5,1148138310.8,50602.0,1487800.0,1916819.84785864,423670.0,768781.2,,
2003 Q2,14347833.1,491092257.5,2568319.0,1609112.7,1907973.7,1035334800.0,1696648.5,1582755.5,1150503.1,958432.9,15027123.2,595360.0,187063.4,3239020.3,2549562.9,1129643.6,290328.2,341328.8,1783275.3,187600.0,166226.9,513045.4,95502268.1,464481.1,1171087.4,723522.9,11275852.0,205620.9,1161156638.7,49921.5,1502800.0,1931889.82918331,413367.0,772535.7,,
2003 Q3,14586466.2,492572923.2,2587989.1,1623444.8,1926436.3,1055344400.0,1695494.5,1588672.9,1169739.7,964756.9,15032017.5,595888.1,189371.3,3286299.3,2579193.1,1144020.8,291202.8,342724.8,1789400.2,189844.0,166872.5,518727.8,96131842.6,470032.9,1204477.5,728914.9,11572645.2,207510.0,1173320795.6,52758.6,1524200.0,1979748.99583105,438723.0,776728.1,,
2003 Q4,14755774.5,497922238.0,2595251.9,1636255.9,1934692.4,1083200000.0,1711248.9,1599593.8,1190227.3,972980.9,15168817.6,599078.5,192341.2,3306845.4,2579877.5,1152505.6,291644.7,345108.8,1822736.4,190192.0,176524.0,524689.9,96653476.1,475978.2,1240889.1,733705.8,11952599.1,209655.0,1184885007.8,54270.4,1535600.0,2015396.80307471,443335.0,781209.3,,
2004 Q1,14839388.3,501572307.0,2590712.6,1642476.4,1953869.0,1096792000.0,1715290.1,1611225.2,1198996.9,978900.9,15369731.8,604501.6,197167.1,3368278.4,2674136.3,1178912.0,294667.7,350280.8,1831515.0,192620.0,175188.4,527305.7,98689254.7,484999.2,1275066.7,744439.6,11996165.2,212541.7,1198807260.6,55875.5,1605528.37256755,2053839.45925687,455997.0,793035.1,119014.2,
2004 Q2,14954386.5,501653499.6,2604027.8,1652060.7,1965040.7,1105166000.0,1720958.1,1630316.0,1207431.1,988524.9,15576666.6,607383.8,197243.2,3380525.0,2678694.8,1188808.4,297075.3,353648.8,1842419.5,194276.0,180295.9,531687.2,100586471.6,484908.4,1304754.0,754314.4,12281454.8,218492.7,1213143896.8,56744.0,1630311.25302946,2069247.96694577,464226.0,804117.4,117511.4,
2004 Q3,15096242.9,504722021.3,2598580.8,1658455.2,1972388.6,1109648400.0,1720088.5,1649591.6,1215923.9,997828.9,15563672.4,608291.2,197408.7,3408568.8,2653067.5,1187927.6,300264.8,356732.9,1846760.8,196384.0,178428.1,531424.7,103219998.0,490647.8,1319468.2,764768.5,12575919.6,221204.1,1227905795.3,57157.0,1648704.93016271,2103899.38574733,469506.0,817265.7,123471.9,
2004 Q4,15250256.0,503770607.6,2596462.4,1666940.4,1984876.0,1118058800.0,1725733.3,1661497.0,1225351.6,1004532.9,15730227.3,609617.3,197905.1,3435495.0,2674622.9,1200209.2,301048.3,358004.9,1866721.9,199340.0,183846.5,532459.5,104894495.9,506286.1,1340876.3,773552.3,12819466.5,222876.3,1262459879.8,58475.2,1687375.66955295,2130239.35832697,478929.0,825993.5,125117.7,
2005 Q1,15419436.7,506344274.1,2596234.8,1679226.1,1990246.0,1127572400.0,1721127.3,1667315.6,1234645.8,1014392.9,15768784.4,611585.5,198285.3,3452747.0,2722298.6,1208879.2,300698.3,359888.9,1859946.0,201312.0,186151.1,536939.3,105013166.8,504370.0,1402690.1,782298.1,13043931.6,224829.8,1272698656.9,58907.9,1667251.17552083,2162009.28315775,484087.0,834390.5,128742.4,
2005 Q2,15495396.6,510302115.2,2610155.5,1693188.0,1994750.3,1148850400.0,1735637.7,1679366.1,1240812.6,1023408.9,15762247.1,615887.9,203232.0,3472830.3,2734106.1,1214175.6,304651.4,362044.9,1896566.6,198904.0,190935.6,542717.1,106757185.5,515624.9,1408611.7,789737.2,13457019.8,227324.5,1287273733.3,60391.4,1703634.68500081,2175731.68628981,499214.0,849364.1,131772.6,
2005 Q3,15616851.7,515438649.3,2632247.2,1706428.4,2008037.4,1166144400.0,1748006.5,1699718.2,1253947.6,1033309.0,15928441.8,624158.9,203621.1,3516173.2,2752883.1,1237326.4,306560.7,363476.9,1898678.1,201784.0,188446.0,548820.5,109352792.8,514437.9,1428500.8,798923.5,13644262.8,225929.8,1301458227.9,61871.1,1727030.44174446,2205990.95344305,508643.0,860946.2,132526.7,
2005 Q4,15703605.9,516381463.8,2644957.7,1722399.7,2020845.6,1177951200.0,1748684.5,1716599.0,1263961.7,1043657.0,16223519.8,628094.6,203759.8,3539027.0,2758019.3,1259019.2,309294.9,366264.9,1904843.6,202364.0,195634.3,554823.1,110667575.7,524979.1,1475738.6,814003.5,13989177.1,228840.4,1319954094.9,63863.9,1750092.83228873,2226618.44419254,514774.0,866709.0,135014.2,
2006 Q1,15914879.7,517172992.0,2670603.8,1731240.2,2035892.9,1197259200.0,1751420.1,1730536.2,1265685.0,1055665.0,16539220.3,632013.5,205548.8,3593644.5,2784679.5,1278170.0,312830.2,368516.9,1928781.0,207412.0,197732.3,561227.9,111668421.3,536827.5,1492637.7,828153.7,14339686.1,232444.9,1337393578.3,64987.4,1759028.74160116,2267901.74921638,526153.0,881938.5,138619.3,
2006 Q2,15956059.9,517984918.3,2716299.2,1737956.6,2057064.4,1206006400.0,1764475.7,1731401.6,1268613.6,1065965.0,16686549.6,641474.9,204614.1,3653689.9,2787555.2,1307891.2,313731.0,369824.9,1986305.3,207920.0,199160.7,565808.5,113986426.7,542913.4,1538105.3,841388.2,14545658.7,233289.3,1354469278.2,65714.2,1782038.75734305,2294831.61759438,531455.0,894464.2,140300.0,
2006 Q3,15979986.9,516926514.3,2737179.8,1742630.4,2060533.0,1225470800.0,1773215.3,1736275.4,1287267.1,1075877.0,16727500.2,645311.9,208424.7,3697444.8,2811207.8,1328967.6,317618.8,373080.9,1973060.1,209896.0,201084.3,569941.6,115538182.0,553943.8,1526515.9,836615.9,15026101.4,237164.1,1376301897.3,66961.6,1803807.97744985,2313775.23138943,540887.0,906818.1,144275.6,
2006 Q4,16117326.9,523954676.9,2778638.6,1751711.4,2073175.7,1235021600.0,1796480.5,1743189.8,1303324.3,1086085.0,16786237.2,650632.5,209976.8,3721367.6,2853825.9,1309627.6,320675.1,377316.9,1967712.7,211544.0,202705.1,577245.2,118004727.2,564055.2,1560995.5,848837.4,15283241.2,239942.1,1398245434.2,69557.6,1843867.85342342,2356723.35071931,549349.0,919357.8,147354.5,
2007 Q1,16165813.6,527363567.7,2780454.0,1768182.3,2089374.8,1255696400.0,1791483.7,1754315.0,1321925.6,1096081.0,16901313.3,658086.8,211622.7,3755367.6,2869447.8,1368128.8,323811.1,382664.9,1974231.7,215632.0,212726.8,580142.5,119215528.0,573229.4,1589453.7,866209.8,15710162.6,244342.0,1420985934.2,70566.9,1872883.14557481,2419228.97429627,556766.0,934285.1,150878.9,
2007 Q2,16264709.9,527585247.6,2804058.2,1781100.7,2103583.9,1277423600.0,1795724.5,1771256.8,1330327.2,1105973.0,17016892.1,661453.9,214489.6,3776421.7,2869407.0,1386379.2,327308.1,384412.9,1965389.4,219508.0,210543.9,589274.0,120427593.5,579605.2,1589939.1,878953.4,16106082.0,248562.2,1444669538.6,72209.6,1876656.25215668,2437098.35395312,565850.0,941942.1,154026.7,
2007 Q3,16358398.8,524725806.9,2818281.4,1793053.3,2112524.5,1292418400.0,1798708.1,1777893.3,1345325.6,1114461.0,17077991.2,668845.7,216784.1,3806256.6,2899856.5,1410485.2,328496.8,387380.9,1983854.5,221524.0,205618.6,594394.6,120758679.3,592001.4,1599262.4,897334.3,16395101.9,251125.2,1467445669.0,74131.0,1902482.51630831,2464874.97190572,576862.0,952981.1,156118.3,
2007 Q4,16461168.2,527030797.9,2836438.6,1803670.0,2117019.5,1320295200.0,1792912.1,1780230.1,1351189.4,1121485.0,17118072.7,677895.3,217786.0,3850253.0,2926008.1,1428990.8,331428.6,388952.9,2003811.9,224448.0,213514.7,599596.8,123028628.7,600992.0,1654158.7,912041.3,16948745.5,254870.1,1480153989.0,74448.5,1930168.22819513,2509563.45772061,587220.0,966485.6,160918.6,
2008 Q1,16390917.9,528828334.8,2854595.7,1812440.2,2127476.8,1325608000.0,1813997.3,1781565.9,1365161.6,1123965.0,17126079.5,680115.6,216569.4,3818161.7,2904534.3,1449498.8,333781.2,390632.9,2002979.1,224172.0,207365.5,604734.1,125621193.6,602031.5,1689003.4,914587.7,17051438.5,258079.9,1513290802.9,76342.4,1929934.08443976,2522228.79548297,595239.0,970544.9,162532.7,
2008 Q2,16488514.0,525806108.9,2847938.2,1803570.1,2114795.7,1332547200.0,1795880.5,1788057.3,1369194.6,1125265.0,17235838.4,683465.8,213340.2,3815252.7,2905727.2,1457785.2,336581.3,390880.9,1984497.9,222372.0,203129.9,611509.7,125745207.6,606193.4,1629067.4,916467.8,17229432.0,263373.5,1535390757.0,74425.3,1943260.79785754,2556470.9692321,588286.0,982394.1,163352.5,
2008 Q3,16401906.8,519317997.4,2829478.3,1775764.6,2112132.9,1343419200.0,1773618.5,1802750.4,1378726.6,1123209.0,17258019.5,682630.9,213384.9,3797379.8,2901341.4,1457750.4,334156.9,388596.9,1972905.7,223140.0,202595.2,614752.5,124720518.2,611674.7,1599469.4,919376.4,17379369.3,267616.0,1555752402.2,73949.1,1947130.56581627,2598166.09079318,581735.0,984741.4,164433.2,
2008 Q4,16042864.7,506459463.7,2784388.1,1738101.0,2080260.6,1299302800.0,1726275.3,1781833.1,1372996.3,1104933.0,16980601.1,678126.0,213340.2,3663519.4,2908847.9,1459725.6,326788.6,380168.9,1926315.9,218352.0,192938.9,596133.0,123718957.3,602952.4,1558842.4,912473.1,17400671.7,257521.6,1558413038.0,72247.5,1896809.50381181,2593063.53880163,570097.0,979135.8,156857.7,
2009 Q1,15860798.3,482018480.5,2653960.0,1702616.9,2044509.5,1300472000.0,1684109.3,1741624.6,1386372.4,1076201.0,15929524.9,653756.6,211586.9,3608589.5,2863391.8,1480875.2,321122.7,376468.9,1898895.8,204208.0,192498.2,585403.0,123117231.9,603729.3,1470549.2,914623.1,17079431.4,253856.4,1579565816.6,70353.2,1840467.82393343,2547667.47050736,550530.0,963904.9,151250.1,
2009 Q2,15832462.8,491541616.8,2658196.6,1697043.9,2044893.8,1317804400.0,1673964.1,1722837.7,1395559.1,1076153.0,15673979.5,653773.0,214248.1,3611401.8,2842426.5,1483951.2,318367.6,376648.9,1862088.7,203316.0,191837.9,588671.4,122400248.1,609285.9,1529474.1,923791.0,18070663.0,258528.2,1599842969.3,73327.8,1882567.4536041,2596611.12450569,570104.0,960596.7,147637.3,
2009 Q3,15888065.3,491385230.9,2673024.9,1698065.3,2046534.2,1357242000.0,1683346.5,1730543.0,1400347.9,1078453.0,16237549.3,656392.7,215576.5,3608904.8,2843946.0,1494514.0,319961.2,381408.9,1868527.2,205196.0,191289.4,596758.0,123864635.7,615540.9,1566116.7,931572.7,18532166.9,264556.6,1624618158.9,76172.4,1942165.10889384,2629134.00234753,573050.0,962824.4,153457.9,
2009 Q4,16059801.5,497399285.5,2692695.0,1703109.1,2063960.4,1367378800.0,1689171.3,1750650.1,1411717.2,1078073.0,16587439.9,660346.3,218246.7,3625205.5,2845208.1,1517547.2,321675.3,384468.9,1870222.7,203612.0,186683.9,600223.7,125388201.1,621907.9,1596692.8,941795.3,18926295.7,271365.1,1648582855.2,77291.0,1998349.22658904,2649097.94119064,584243.0,969246.1,156527.6,
2010 Q1,16137611.4,502553418.0,2714409.6,1719039.7,2069528.6,1394166800.0,1694782.5,1771859.8,1418245.6,1077833.0,16653123.0,659099.1,220778.2,3722232.2,2903661.5,1510419.2,320164.1,386460.9,1886373.4,205652.0,191816.6,605899.8,125793830.3,627011.8,1591982.7,957506.6,19418413.3,276999.0,1675315659.8,81783.9,2056191.64758232,2744116.81654909,595214.0,980554.6,161406.9,667114.0
2010 Q2,16293756.7,508705160.0,2775536.6,1737775.3,2079875.1,1420653200.0,1707339.7,1781138.1,1426549.4,1079517.0,16851836.8,661992.3,221923.2,3799628.3,2878031.0,1532204.0,324371.8,390268.9,1899267.1,211332.0,191782.4,610035.3,130062540.0,636372.1,1652489.3,972492.8,19884953.2,280521.8,1703311645.2,86693.4,2050008.75818699,2790546.994096,605481.0,988785.5,168536.5,680383.0
2010 Q3,16419395.4,517918424.4,2798535.0,1747370.7,2092622.5,1437064800.0,1715822.5,1793606.8,1436530.9,1078993.0,17000419.5,664917.1,218537.2,3847045.9,2818827.3,1550515.6,327734.4,391896.9,1929377.6,210464.0,193364.1,613068.4,133115604.7,641194.6,1698274.9,983764.9,20472748.7,282987.0,1728929879.4,84282.5,2061031.8020077,2807407.96115154,610737.0,997588.1,169258.1,679255.0
2010 Q4,16505615.3,513666410.0,2821230.8,1748899.0,2105415.7,1454587200.0,1724638.1,1813727.5,1449079.5,1079557.0,17137831.6,672418.5,216292.1,3904932.2,2884140.4,1567462.0,331353.1,393876.9,1925035.5,214884.0,192878.7,617990.2,134699501.2,656025.5,1749616.9,999473.2,20947934.8,287019.8,1756575915.6,87552.2,2069569.21939915,2831834.84870162,620658.0,1006873.5,171322.2,741909.0
2011 Q1,16466463.2,508187107.0,2875778.8,1753365.5,2127861.9,1468160400.0,1733238.5,1827540.8,1445043.3,1077937.0,17251792.5,676299.2,219991.0,3921209.1,2890811.7,1591170.4,333987.1,395772.9,1929229.1,216084.0,193806.7,621367.9,136269633.5,669066.7,1789050.8,1017311.2,21331416.2,290874.2,1782114833.4,89201.0,2116327.93590662,2860498.42143658,637674.0,1016789.2,175463.4,745909.0
2011 Q2,16577872.4,503875098.1,2878502.4,1755386.0,2127249.4,1475366000.0,1734679.7,1830858.1,1462475.1,1074593.0,17327564.2,675694.6,222003.7,3935283.5,2880916.2,1610952.8,335095.1,396593.0,1948566.2,215708.0,196918.3,625113.8,138227561.3,678758.6,1838208.4,1025493.6,21589877.4,293843.5,1807985828.5,88981.2,2086229.46018685,2891328.06228153,635190.0,1022479.8,177575.0,768835.0
2011 Q3,16574173.4,516090690.1,2903922.4,1760744.3,2136587.3,1483131200.0,1725833.7,1855908.8,1482946.4,1067653.0,17635984.7,675697.2,224481.5,3987214.9,2919330.5,1629224.8,337180.7,397729.0,1924331.8,215972.0,193972.9,623283.1,139114137.5,692637.3,1887083.5,1045991.0,21589046.5,293176.8,1835383168.7,91292.4,2118250.4765053,2898851.01929771,636525.0,1026710.6,178973.2,780920.0
2011 Q4,16760309.5,515412351.7,2894843.7,1763208.8,2141906.0,1490136000.0,1708722.1,1870658.1,1498690.8,1060573.0,17763058.2,671620.4,226382.4,3927201.4,2920580.0,1642406.4,336994.9,398889.0,1940057.2,216032.0,194384.7,623849.8,142139673.1,698049.3,1912697.1,1053338.6,21940709.3,295911.7,1862151469.4,91870.2,1985254.92416972,2950826.60963935,639799.0,1033734.2,178770.0,798561.0
2012 Q1,16900859.9,522480810.5,2901198.7,1778577.0,2140854.5,1503035600.0,1689388.9,1871839.0,1513940.0,1050697.0,17934757.0,670222.4,226731.2,3936424.6,2990423.3,1647429.6,339904.9,399745.0,1938709.7,215088.0,192202.2,626791.9,145061089.6,708515.6,1895678.4,1045038.3,22243662.8,291563.3,1890244787.3,93556.5,2171512.0,3027953.60055499,640945.0,1039593.8,177134.1,819035.0
2012 Q2,16976294.3,517757638.9,2906645.8,1776160.6,2138828.1,1511542400.0,1678045.7,1877923.9,1524553.6,1040625.0,18057781.9,670563.8,228086.4,3943740.9,2996262.7,1644378.4,338396.7,399741.0,1940168.6,212812.0,197760.2,628595.7,147749844.8,711613.4,1928426.8,1055916.6,22501233.3,296911.4,1918469647.5,94390.1,2212813.0,3066307.45349813,644838.0,1048271.7,170891.1,822395.0
2012 Q3,17000744.9,515784417.9,2915119.2,1793182.8,2143934.8,1518371200.0,1669522.5,1880493.9,1533580.6,1035217.0,18089604.0,667685.6,229423.8,3939615.2,2960281.5,1645223.6,337506.7,400713.0,1941990.3,211992.0,194085.8,634257.9,148898059.7,708199.7,1962459.5,1067623.1,22904904.7,302089.8,1945631370.1,93476.2,2230645.0,3122852.89637061,649812.0,1052533.5,176314.3,820184.0
2012 Q4,17020404.7,515508043.0,2901501.3,1791184.6,2141028.5,1525997200.0,1657214.5,1884363.9,1540770.3,1027549.0,18230918.3,663013.4,232071.6,3907806.1,2980273.5,1643934.4,337287.7,400529.0,1938851.4,211828.0,194261.2,634013.2,149781972.7,717331.2,1993915.6,1069514.2,23176755.6,302088.8,1972737595.1,95917.1,2288897.0,3195387.86379672,656937.0,1057553.5,179146.5,810885.0
2013 Q1,17188321.3,522522306.8,2888414.1,1796254.3,2141450.4,1539112000.0,1640304.1,1901231.2,1548298.8,1024389.0,18252779.1,665154.3,233306.0,3964755.0,2987641.8,1641203.6,337127.8,399429.0,1949783.4,210012.0,192237.7,636274.0,151016643.1,726247.8,2052335.1,1083829.7,23547290.4,303619.5,2000065526.5,96800.8,2287227.0,3256288.32533732,662434.0,1065760.3,179049.9,819716.0
2013 Q2,17234323.5,527252877.7,2919885.5,1809283.7,2157099.3,1557060400.0,1641563.3,1912180.2,1554380.9,1023484.9,18172810.6,663952.4,232398.1,3960808.2,3005483.3,1653934.8,337239.9,401761.0,1951231.7,210980.0,196929.5,640967.1,152301443.6,750195.8,2112587.0,1102323.5,23877851.1,307966.0,2025775169.7,98769.0,2273917.0,3289693.97037349,665401.0,1073512.5,180184.9,837473.0
2013 Q3,17381055.4,532344315.9,2935923.8,1824352.1,2155025.6,1570391200.0,1645224.5,1927904.3,1567004.4,1023108.9,18286567.4,667956.3,234638.9,3979008.3,3029886.2,1666166.8,338486.1,403005.0,1963590.5,211716.0,202791.0,645729.1,153314459.2,752130.8,2143557.1,1113865.3,24260164.2,309379.7,2052269049.2,99451.8,2289937.0,3339358.7133599,669415.0,1078605.8,181380.8,855967.0
2013 Q4,17532573.4,531771867.8,2944094.4,1837170.6,2170763.1,1584130800.0,1642275.3,1948081.1,1579579.1,1024809.0,18377168.6,672196.0,236020.9,4004374.6,3025434.5,1675498.4,340032.1,403885.0,1967539.3,211336.0,200191.5,647107.5,153735977.8,763181.6,2147711.9,1123574.4,24794159.5,309861.5,2078388054.6,100377.5,2288665.0,3365050.82829124,675690.0,1084412.5,179791.5,855741.0
2014 Q1,17472069.1,535924091.2,2972919.2,1852290.9,2169704.4,1597698000.0,1643847.7,1951373.3,1591753.0,1028573.0,18494810.5,671558.4,238624.0,4040095.4,3046698.0,1696975.2,339236.2,405621.0,1972522.2,209704.0,208966.6,650374.6,154200218.5,774464.1,2210018.7,1139740.5,25081526.6,312400.0,2103079565.0,101105.0,2280152.0,3445950.84726275,681833.0,1082916.7,177093.5,874856.0
2014 Q2,17697780.7,526336360.8,2973524.4,1868524.9,2171715.8,1611623600.0,1643797.3,1969161.1,1599753.9,1033421.0,18740076.4,675490.2,239661.6,4073593.9,3065330.6,1715838.0,341347.2,406697.0,1971093.3,210044.0,215077.5,655704.9,155447814.9,776022.4,2174163.2,1145964.7,25655808.9,307889.4,2129121689.0,102163.9,2294353.0,3509028.98837439,680762.0,1087190.7,175708.8,872687.0
2014 Q3,17912878.0,526848514.4,2987747.4,1882594.2,2184011.0,1616772000.0,1646497.3,1988037.0,1606640.7,1041009.0,18766375.7,677180.2,242671.7,4102091.5,3076001.6,1729483.6,341374.1,409505.0,2004086.9,210856.0,216859.8,659654.0,154798414.4,783848.3,2227608.1,1155665.0,26124231.5,307690.0,2153977726.1,103090.1,2315589.0,3544571.86704912,690783.0,1092415.5,174313.3,877696.0
2014 Q4,18003469.4,529301091.9,3011957.0,1895890.1,2181972.9,1624776400.0,1640994.9,2001777.7,1612706.5,1049953.0,18925881.3,683245.4,245838.3,4132922.2,3107179.5,1743936.4,341689.0,411645.0,2011275.5,210352.0,217278.2,663995.3,156456271.0,792021.2,2257626.5,1172483.4,26524964.9,309291.1,2178687620.0,104651.9,2340555.0,3588066.72049476,693400.0,1100595.2,175190.5,879244.0
2015 Q1,18165587.9,537336863.1,2996826.2,1901500.1,2193624.4,1637151200.0,1645737.7,1990632.2,1628121.8,1062001.0,19013872.5,687310.2,247810.8,4191246.4,3111241.9,1772416.4,342425.1,413785.0,2025046.3,208716.0,263739.5,662303.5,157469963.0,796989.3,2300312.5,1171503.0,26971720.1,306788.9,2205432667.0,104217.8,2351841.0,3643287.22628477,697800.0,1108545.4,177683.4,905172.0
2015 Q2,18278106.5,538202584.6,3020127.8,1912697.8,2197192.1,1645110000.0,1652003.7,1985197.9,1630167.7,1073461.0,19189087.7,689428.5,249944.2,4234025.8,3124889.1,1782222.0,343196.2,416565.0,2034518.9,211892.0,256099.0,666052.2,158934354.3,802706.6,2335364.0,1174467.3,27549384.8,299636.4,2231048610.9,105513.1,2361910.0,3722339.66696878,702133.0,1099186.4,182212.3,920840.0
2015 Q3,18351263.7,538789231.4,3031929.7,1920243.1,2201791.1,1669150000.0,1655467.7,1992306.8,1646723.2,1083185.0,19412168.8,691808.0,253361.3,4291987.6,3155219.3,1806145.6,345493.8,417361.0,2040656.1,211872.0,262705.7,669769.8,158417944.3,810776.2,2368094.4,1176042.2,28058008.8,294680.6,2258596203.5,106800.4,2396346.0,3765070.97328703,705921.0,1104137.4,181865.4,920533.0
2015 Q4,18385117.9,537849416.6,3045547.4,1931363.1,2206149.7,1680670400.0,1663506.1,1993627.2,1656392.0,1093725.0,19351344.5,691919.4,255906.2,4323977.9,3132226.0,1820838.8,346115.3,419101.0,2045203.2,213060.0,265673.6,673000.2,159413932.8,808295.9,2395726.9,1188962.9,28628299.1,292407.8,2287439618.6,106774.0,2411146.0,3838279.80236718,706511.0,1108923.4,179726.0,921077.0
2016 Q1,18491663.3,541721165.4,3071270.0,1938368.1,2219905.8,1685252400.0,1669322.5,2005423.1,1671712.9,1101165.0,19348337.8,698266.6,258334.9,4320433.9,3146692.6,1816896.8,348825.5,419341.0,2068765.1,215688.0,258983.0,675432.9,161272241.3,816163.1,2404388.4,1190011.0,29459217.1,288149.1,2314979529.9,107867.1,2430210.0,3903866.1242362,704532.0,1111572.2,178357.4,932383.0
2016 Q2,18551044.4,540998830.9,3086098.4,1949236.5,2211506.4,1706023200.0,1672585.7,1995433.4,1682834.6,1105733.0,19409790.5,699915.5,261523.9,4322880.8,3145691.1,1843569.2,349354.5,421645.0,2096748.0,216024.0,261426.8,680186.8,160511587.1,820353.0,2438792.5,1224514.8,29983869.7,289052.9,2344403502.0,109122.9,2453261.0,3994958.94790489,714889.0,1112641.7,175334.8,931118.0
2016 Q3,18682643.8,542095031.5,3092150.6,1956496.8,2220202.3,1712986400.0,1681500.1,2016141.7,1683456.8,1115205.0,19590421.9,707741.8,263491.8,4335830.3,3136034.1,1854036.4,351213.7,422385.0,2114536.4,218464.0,261790.0,685004.0,161598062.9,822459.7,2368855.9,1236915.6,30670968.0,287445.1,2373253908.7,110169.9,2474198.0,4046550.77019793,723001.0,1112506.2,175816.6,930071.0
2016 Q4,18786201.5,542896658.8,3103952.7,1968967.5,2233571.5,1723259200.0,1687786.5,2027452.7,1701823.7,1121269.0,19802642.6,713667.8,264131.4,4374726.2,3178036.8,1890399.2,354964.0,424553.0,2129771.6,219136.0,290345.8,686188.6,161312554.3,826980.2,2499370.6,1253294.2,31089254.9,287183.0,2401976459.5,112082.4,2490695.0,4099791.83700187,731124.0,1113450.8,176969.0,936547.0
2017 Q1,18877669.7,547142373.7,3141174.9,1985560.5,2247650.4,1740108400.0,1695824.9,2052962.2,1708052.4,1130073.0,19930237.4,717413.0,267593.2,4391849.7,3214049.5,1912920.0,355907.0,427321.0,2143708.6,221372.0,282840.5,686355.7,160299574.9,826845.7,2533583.6,1257505.8,31337842.7,290037.9,2432166471.8,112763.1,2523163.0,4166683.39114132,735440.0,1118707.7,178664.3,932195.0
2017 Q2,18983360.5,549288579.1,3170226.1,1998342.1,2267269.2,1753324800.0,1703363.3,2074570.8,1718701.7,1141649.1,19948775.1,723732.1,271104.2,4454856.8,3245017.0,1931518.4,358075.6,428353.0,2167670.5,224192.0,284948.1,688245.7,162412688.5,830366.2,2591357.4,1271233.5,31982942.6,292513.4,2462326344.2,113216.4,2561279.0,4285594.71841592,742147.0,1124808.1,180402.2,937151.0
2017 Q3,19133048.9,553793070.5,3190199.0,2011042.2,2287617.0,1777782400.0,1709908.9,2075222.2,1734374.4,1148837.1,19828123.3,728857.2,273792.3,4492830.8,3267253.7,1959755.2,360523.6,428077.0,2159720.1,225028.0,299505.7,692101.7,165553269.4,835658.8,2630640.3,1291488.1,32510084.6,293230.5,2493312551.9,115927.9,2588921.0,4353449.81142544,748367.0,1126876.6,182783.5,947595.0
2017 Q4,19348687.3,554473308.8,3220460.8,2025566.6,2301194.2,1772030400.0,1719338.1,2085751.1,1741889.9,1155033.1,20083949.7,734217.5,277392.8,4503544.0,3248639.9,1986458.4,362914.1,431509.0,2176025.2,226484.0,312093.6,699253.9,166665521.3,837753.4,2680169.0,1309340.9,33120853.4,294804.7,2525122732.1,117044.0,2586924.0,4364801.6003615,756675.0,1131309.2,184540.0,957271.0
2018 Q1,19506071.4,554894970.6,3201017.9,2026717.5,2300972.5,1794246000.0,1717678.9,2109998.4,1760250.2,1159965.1,20361646.5,737932.0,279906.4,4515239.4,3264560.1,2023067.2,365321.9,433117.0,2187167.6,227108.0,314079.3,706170.0,168283318.6,840959.4,2714134.4,1323680.3,33831937.2,296507.3,2557319398.9,117813.7,2650217.0,4446360.43003691,767530.0,1137294.2,183498.1,959422.0
2018 Q2,19609614.6,556885790.0,3227042.3,2030092.3,2311249.3,1806594800.0,1718713.7,2126457.2,1773502.5,1166761.1,20272762.6,742738.4,283582.9,4568801.6,3274377.1,2051394.4,366163.8,435077.0,2198160.3,226840.0,319736.1,714091.1,170713543.0,853205.4,2730107.1,1329717.8,34275050.7,296247.7,2589618531.7,118630.5,2683067.0,4567071.90751262,766672.0,1134466.2,175855.4,971629.0
2018 Q3,19731919.2,553775872.1,3197083.8,2036845.7,2322249.9,1817735600.0,1720046.1,2137183.5,1780825.7,1172833.1,20375679.1,743616.3,283319.0,4528876.2,3295006.5,2076649.2,367710.2,436777.0,2211396.1,226628.0,321219.7,711601.1,170123512.1,860377.3,2703866.6,1342068.2,34753745.1,299115.8,2622790190.2,119609.8,2678402.0,4611244.03613695,767920.0,1148418.1,175372.8,975625.0
2018 Q4,19759868.3,553057337.2,3224621.4,2039447.2,2334830.3,1829444800.0,1725189.7,2142218.0,1785096.6,1180565.1,20344483.2,747240.8,287545.6,4592643.2,3296117.8,2096653.6,372503.7,441045.1,2222438.6,226716.0,325965.7,713078.4,172168034.8,861489.9,2610610.6,1353536.1,35265585.0,298290.9,2656123779.1,118826.1,2679843.0,4620224.83617552,765421.0,1151604.9,172651.1,989329.0
2019 Q1,19867184.4,554329721.8,3246712.9,2054297.3,2351064.2,1828205600.0,1726682.5,2147373.6,1795537.4,1187753.1,20370469.1,753427.4,290367.9,4609188.1,3281510.0,2126457.2,374595.8,442197.1,2217590.3,228300.0,329999.2,713623.0,171373881.9,870908.1,2651419.0,1378257.8,35634778.6,299242.4,2689247828.1,119447.3,2720293.0,4722328.82807529,770920.0,1141546.4,173223.2,990924.0
2019 Q2,20032016.1,556397634.3,3245502.5,2060924.9,2366099.4,1848178400.0,1732393.7,2170882.2,1801450.1,1191865.1,20343470.4,755668.6,291593.4,4646047.1,3309730.5,2145966.0,372567.8,444585.1,2239880.7,230116.0,336045.0,717883.0,173668524.2,879491.5,2711639.3,1375230.9,36110433.7,300908.6,2722659928.4,120339.4,2746453.0,4842451.70298701,766460.0,1146708.6,174219.6,989752.0
2019 Q3,20258813.7,557209760.6,3244897.1,2075930.4,2368565.1,1855854400.0,1733464.1,2176952.5,1811526.2,1195381.1,20303413.3,757270.2,294080.2,4646942.1,3328535.8,2161600.4,374035.4,447849.1,2250124.0,230252.0,340624.7,721200.4,173906431.9,888117.8,2726031.8,1392078.7,36344752.2,300964.6,2754038138.3,120472.7,2749435.0,4899662.66397181,740831.0,1147913.9,174094.7,984230.0
2019 Q4,20388737.2,541891949.9,3254580.9,2075464.1,2358586.0,1878427200.0,1722130.5,2183168.0,1820093.9,1197977.1,20138907.0,761596.1,295023.9,4671798.6,3356128.4,2175406.4,371898.0,450513.1,2243280.4,229728.0,345750.4,725196.2,166873455.8,886378.6,2762431.9,1404146.3,36408740.6,303615.9,2783209505.1,120790.1,2703949.0,4882527.73827298,738029.0,1147498.2,171686.3,995444.0
2020 Q1,20110866.3,544658899.0,3197081.7,2018979.7,2233708.7,1854453600.0,1617806.9,2140597.6,1816784.1,1133477.1,19899588.1,751499.0,292586.3,4649167.1,3324112.3,2191044.8,362655.7,437849.1,2217124.2,229392.0,356357.3,714689.1,171177856.7,874124.6,2767324.4,1379896.1,36482480.1,296695.4,2766374657.1,120717.0,2661728.0,4703616.45436696,702283.0,1147036.8,164055.3,973145.0
2020 Q2,18523913.8,502402331.7,2902338.6,1608672.4,1939912.7,1798533200.0,1428819.7,1905133.2,1690539.0,933528.9,16112647.2,688779.8,264712.8,4278262.3,3151703.1,1990741.2,321768.5,387984.9,2083135.6,214756.0,336700.7,667629.0,148813731.0,731639.7,2470851.5,1267166.3,28171562.3,270325.7,2576629391.4,106089.1,2415434.0,4053953.92637932,692856.0,953846.2,140903.0,923804.0
2020 Q3,19961225.6,530116418.0,3161070.7,1878531.1,2280111.3,1840168400.0,1624923.7,2078186.2,1753298.3,1085169.0,18591865.3,732711.2,301003.8,4594756.9,3265523.9,2125050.4,358068.7,433577.0,2206194.8,225452.0,378569.7,713489.9,155804758.4,807840.9,2876359.8,1383897.0,34530669.5,291730.2,2660364262.4,115774.4,2580619.0,4339423.02610298,710890.0,1085060.9,155973.5,947207.0
2020 Q4,20167869.1,539928528.0,3185884.8,1904020.1,2265339.5,1864938000.0,1618022.5,2117222.5,1813780.5,1087785.0,19394148.2,737383.0,300874.1,4618564.7,3291047.6,2127942.0,350241.5,431813.0,2227405.7,227160.0,359555.2,716586.3,166189249.4,855654.8,2918507.3,1417560.5,36872383.6,302931.0,2719630989.0,120067.2,2591018.0,4446949.28299691,712804.0,1114960.5,163659.5,965512.0
2021 Q1,20427131.3,541429191.9,3145337.2,1884518.5,2266460.5,1898264400.0,1644284.1,2147707.5,1853351.6,1092117.0,19485248.8,746288.0,307225.2,4670345.8,3312195.0,2177404.4,345579.2,439637.1,2252509.8,226520.0,398982.8,718777.5,173297826.7,890026.9,2977868.2,1420056.6,37374073.9,305644.7,2748314622.3,125939.9,2593151.0,4514579.50611611,759713.0,1121207.8,169249.1,980961.0
2021 Q2,20737571.9,543451608.5,3215543.2,2022613.6,2286135.1,1914982000.0,1686594.5,2141010.0,1869271.9,1114981.0,19620777.2,768941.7,312910.0,4747263.0,3326900.1,2233075.2,359370.6,448109.1,2321483.5,229608.0,409663.2,737415.5,175416715.5,870784.2,3028856.2,1474371.0,34674135.8,303483.9,2761027674.1,125634.8,2604929.0,4556114.22541509,744111.0,1136768.6,169769.8,990419.0
2021 Q3,20906452.9,541096222.1,3237028.5,2057313.2,2354343.1,1917418400.0,1733512.1,2176981.6,1833632.8,1140833.1,19543522.0,784754.8,299366.8,4855459.3,3458085.2,2280244.4,374783.8,457941.1,2353510.5,232100.0,423010.6,753064.1,182814676.8,918155.9,3139333.8,1508304.1,37957078.7,303894.4,2767997926.3,126876.0,2577437.0,4654671.55221639,749063.0,1117010.0,173274.7,1030507.0
2021 Q4,21261187.8,547167671.4,3237331.1,2088586.1,2367062.6,1944174800.0,1746640.9,2211145.9,1911475.1,1163521.1,19761998.0,790504.0,308316.6,4945809.6,3459039.6,2321247.6,373712.9,461405.1,2404147.5,233972.0,410680.5,754812.5,187095624.5,950441.1,3188525.9,1572776.7,38686279.4,307898.3,2842719477.3,129255.1,2641349.0,4787146.70198081,747886.0,1134883.9,177516.4,1056156.0
2022 Q1,21155375.3,543903067.5,3269787.5,2099646.8,2364130.0,1957017200.0,1748452.5,2232401.1,1920606.4,1166549.1,20068479.1,794273.1,307963.2,4907093.0,3433277.3,2397210.0,376118.3,461945.1,2370487.5,233528.0,435862.7,754345.6,185575778.9,961553.3,3195309.0,1563166.3,38900968.7,310181.4,2876291023.5,131373.9,2647925.0,4866710.63818914,722033.0,1152147.1,181742.3,1099842.0
2022 Q2,21125488.6,549786733.9,3265550.8,2101471.2,2372917.7,1971704000.0,1773447.7,2253373.7,1935184.6,1195553.1,20267587.6,807838.6,312547.7,4953855.0,3472065.2,2378777.2,383100.0,465165.1,2394358.0,235092.0,446488.3,761738.5,184971177.7,976566.1,3240503.4,1587271.7,39240012.0,313709.1,2910015384.4,131986.6,2669392.0,4921908.69303467,731918.0,1141637.0,185207.8,1130323.0
2022 Q3,21264625.0,549258881.7,3277352.9,2099828.2,2386244.5,1976312400.0,1779070.9,2263694.4,1939139.4,1201897.1,20514597.4,809213.4,319113.5,4998520.5,3538047.0,2393459.2,382468.6,466621.1,2409280.3,234964.0,462060.6,763607.2,182873257.6,985390.6,3258073.6,1597788.4,40066854.0,316910.0,2943242942.1,132618.2,2692946.0,5026239.82364901,716808.0,1162811.0,183876.9,1156575.0
2022 Q4,21399745.2,550621458.2,3264037.9,2102007.8,2385068.9,1970324800.0,1774718.9,2258819.6,1955717.7,1207801.1,20653618.6,814767.0,315951.3,4935772.4,3514372.4,2338961.2,382049.9,467753.1,2412389.1,233680.0,454765.2,763403.5,183120104.3,969268.3,3295494.0,1614903.6,40650959.2,318173.6,2980673850.0,132695.0,2680288.0,5115167.47426106,719472.0,1146094.5,180514.7,1158293.0
2023 Q1,21518809.2,557379745.2,3267442.4,2107329.1,2386181.8,1976824400.0,1784532.1,2272599.0,1966148.8,1213897.1,20771408.2,810736.6,313911.8,4968195.4,3521913.4,2364736.0,382398.7,469685.1,2434245.8,233748.0,446223.7,765766.6,184121697.1,990318.3,3287186.1,1627079.7,41691308.6,322667.4,3016829177.2,132627.6,2717004.0,5171151.21986324,741391.0,1154024.4,182007.3,1162643.0
2023 Q2,21628796.6,562287000.1,3268350.1,2108124.7,2401895.4,1988856400.0,1778359.3,2280302.3,1974775.2,1220009.1,20965544.6,807131.3,316617.8,4936938.4,3503830.1,2371724.0,378157.3,471249.1,2417219.2,234556.0,444597.2,764793.3,183479595.0,980531.5,3395874.8,1639898.0,42912843.6,325253.6,3056281387.0,133837.7,2720460.0,5153428.87594404,742476.0,1163383.4,177471.9,1156163.0
2023 Q3,21887016.5,558189671.7,3268047.4,2105408.5,2401185.5,2001109200.0,1780202.5,2274222.3,1978961.3,1224817.1,21121987.3,804645.6,314363.6,4932271.2,3485498.9,2407033.6,376194.8,473045.1,2401456.9,232548.0,436100.5,766863.1,184087368.4,982872.8,3405129.5,1650714.0,43794778.1,325532.7,3095011653.0,135054.7,2734040.0,5315228.47431951,748246.0,1158936.1,181199.1,1123814.0
2023 Q4,22064294.0,,3258666.3,,2400738.4,2013734800.0,1783523.7,2281045.0,,1232449.1,21143109.3,,,4936929.5,,,377061.3,475033.1,,,432939.4,,,,,,44588488.4,326422.3,3133352882.7,136656.2,2733849.0,5401993.85346816,751295.0,1163448.0,177091.2,1127073.0
2024 Q1,,,,,,,,,,,,,,,,,,,,,,,,,,,45209799.4,329554.5,3173005456.0,137047.0,2760073.0,5457818.91220624,761299.0,1164447.9,173923.3,1152297.0
2024 Q2,,,,,,,,,,,,,,,,,,,,,,,,,,,45780548.1,334411.4,3210855234.3,138573.1,2782427.0,5493656.6474225,763730.0,1167433.1,172450.9,1163545.0
2024 Q3,,,,,,,,,,,,,,,,,,,,,,,,,,,46488490.8,337085.8,3249042362.4,142712.9,2813637.0,5585734.78484088,763183.0,1164042.3,179106.1,1167542.0
2024 Q4,,,,,,,,,,,,,,,,,,,,,,,,,,,47365018.6,337264.9,3287378647.2,143438.2,2826220.0,,769930.0,1168684.4,182650.0,1177545.0
2025 Q1,,,,,,,,,,,,,,,,,,,,,,,,,,,48335496.9,341974.0,3324327177.1,,2845342.0,,784639.0,1169838.5,184177.9,1189973.0
2025 Q2,,,,,,,,,,,,,,,,,,,,,,,,,,,,,,,2861933.0,,,,,1214962.4
